timestamp,session_id,condition,task_id,trial_index,event_type,tool,item_type,n_points,notes
2026-01-19T11:35:44.609704,4dbc14d3-3c59-4b35-b72a-44da3c9b0a0a,H_ONLY,,,stroke_color_change,,,,
2026-01-19T11:35:44.615052,4dbc14d3-3c59-4b35-b72a-44da3c9b0a0a,H_ONLY,,,fill_color_change,,,,
2026-01-19T11:35:48.736125,4dbc14d3-3c59-4b35-b72a-44da3c9b0a0a,H_ONLY,,,tool_change,RECT,,,
2026-01-19T11:35:51.915414,4dbc14d3-3c59-4b35-b72a-44da3c9b0a0a,H_ONLY,,,fill_color_change,,,,
2026-01-19T11:35:52.476699,4dbc14d3-3c59-4b35-b72a-44da3c9b0a0a,H_ONLY,,,rect_start,RECT,,,
2026-01-19T11:35:54.250129,4dbc14d3-3c59-4b35-b72a-44da3c9b0a0a,H_ONLY,,,rect_end,RECT,QGraphicsRectItem,,"x=297.0,y=208.0,w=147.0,h=221.0"
2026-01-19T11:35:56.407307,4dbc14d3-3c59-4b35-b72a-44da3c9b0a0a,H_ONLY,,,invoke_help,ASSISTANT,,,
2026-01-19T11:35:56.407782,4dbc14d3-3c59-4b35-b72a-44da3c9b0a0a,H_ONLY,,,ai_output,ASSISTANT,,,shown:manual:ROOF_TRIANGLE
2026-01-19T11:35:58.539668,4dbc14d3-3c59-4b35-b72a-44da3c9b0a0a,H_ONLY,,,user_action,ASSISTANT,,,accept:manual:ROOF_TRIANGLE:ms=2131
2026-01-19T11:50:18.673890,993caca9-d783-4878-ba53-de523c255378,H_ONLY,,,stroke_color_change,,,,
2026-01-19T11:50:18.682022,993caca9-d783-4878-ba53-de523c255378,H_ONLY,,,fill_color_change,,,,
2026-01-19T11:50:25.102389,993caca9-d783-4878-ba53-de523c255378,H_ONLY,,,test_start,,,,3_tasks_fixed_order
2026-01-19T11:50:25.102983,993caca9-d783-4878-ba53-de523c255378,H_ONLY,,,assistant_auto_toggle,,,,False
2026-01-19T11:50:25.103413,993caca9-d783-4878-ba53-de523c255378,H_ONLY,,,assistant_floating_toggle,,,,False
2026-01-19T11:50:34.387396,993caca9-d783-4878-ba53-de523c255378,H_ONLY,cat,1,trial_start,,,,task=cat
2026-01-19T11:50:57.658627,993caca9-d783-4878-ba53-de523c255378,H_ONLY,cat,1,done_clicked,,,,
2026-01-19T11:50:57.659113,993caca9-d783-4878-ba53-de523c255378,H_ONLY,cat,1,trial_end,,,,duration_s=23.271
2026-01-19T11:51:02.684117,993caca9-d783-4878-ba53-de523c255378,H_ONLY,castle,2,trial_start,,,,task=castle
2026-01-19T11:51:05.047711,993caca9-d783-4878-ba53-de523c255378,H_ONLY,castle,2,done_clicked,,,,
2026-01-19T11:51:05.048274,993caca9-d783-4878-ba53-de523c255378,H_ONLY,castle,2,trial_end,,,,duration_s=2.364
2026-01-19T11:51:07.659008,993caca9-d783-4878-ba53-de523c255378,H_ONLY,car,3,trial_start,,,,task=car
2026-01-19T11:51:10.367630,993caca9-d783-4878-ba53-de523c255378,H_ONLY,car,3,done_clicked,,,,
2026-01-19T11:51:10.368178,993caca9-d783-4878-ba53-de523c255378,H_ONLY,car,3,trial_end,,,,duration_s=2.709
2026-01-19T11:51:10.368559,993caca9-d783-4878-ba53-de523c255378,H_ONLY,car,3,test_end,,,,completed
2026-01-19T12:10:36.214213,d9bc51a5-2281-45bd-bba9-700a5508cbcc,H_ONLY,,,stroke_color_change,,,,
2026-01-19T12:10:36.221011,d9bc51a5-2281-45bd-bba9-700a5508cbcc,H_ONLY,,,fill_color_change,,,,
2026-01-19T12:10:43.186190,d9bc51a5-2281-45bd-bba9-700a5508cbcc,H_ONLY,,,test_start,,,,3_tasks_fixed_order
2026-01-19T12:10:43.186710,d9bc51a5-2281-45bd-bba9-700a5508cbcc,H_ONLY,,,assistant_auto_toggle,,,,False
2026-01-19T12:10:43.195656,d9bc51a5-2281-45bd-bba9-700a5508cbcc,H_ONLY,,,assistant_floating_toggle,,,,False
2026-01-19T12:10:43.201383,d9bc51a5-2281-45bd-bba9-700a5508cbcc,H_ONLY,cat,1,trial_start,,,,task=cat
2026-01-19T12:10:48.165536,d9bc51a5-2281-45bd-bba9-700a5508cbcc,H_ONLY,cat,1,tool_change,ELLIPSE,,,
2026-01-19T12:10:48.517582,d9bc51a5-2281-45bd-bba9-700a5508cbcc,H_ONLY,cat,1,ellipse_start,ELLIPSE,,,
2026-01-19T12:10:49.412278,d9bc51a5-2281-45bd-bba9-700a5508cbcc,H_ONLY,cat,1,ellipse_end,ELLIPSE,QGraphicsEllipseItem,,"x=282.0,y=183.0,w=116.0,h=116.0"
2026-01-19T12:10:52.107076,d9bc51a5-2281-45bd-bba9-700a5508cbcc,H_ONLY,cat,1,tool_change,LINE,,,
2026-01-19T12:10:53.369618,d9bc51a5-2281-45bd-bba9-700a5508cbcc,H_ONLY,cat,1,line_start,LINE,,,
2026-01-19T12:10:53.628168,d9bc51a5-2281-45bd-bba9-700a5508cbcc,H_ONLY,cat,1,line_end,LINE,QGraphicsLineItem,,"(292.0,188.0)->(310.0,180.0)"
2026-01-19T12:10:54.152203,d9bc51a5-2281-45bd-bba9-700a5508cbcc,H_ONLY,cat,1,line_start,LINE,,,
2026-01-19T12:10:54.571170,d9bc51a5-2281-45bd-bba9-700a5508cbcc,H_ONLY,cat,1,line_end,LINE,QGraphicsLineItem,,"(293.0,187.0)->(299.0,138.0)"
2026-01-19T12:10:55.615478,d9bc51a5-2281-45bd-bba9-700a5508cbcc,H_ONLY,cat,1,line_start,LINE,,,
2026-01-19T12:10:56.688193,d9bc51a5-2281-45bd-bba9-700a5508cbcc,H_ONLY,cat,1,line_end,LINE,QGraphicsLineItem,,"(299.0,142.0)->(309.0,180.0)"
2026-01-19T12:10:57.821460,d9bc51a5-2281-45bd-bba9-700a5508cbcc,H_ONLY,cat,1,line_start,LINE,,,
2026-01-19T12:10:58.975954,d9bc51a5-2281-45bd-bba9-700a5508cbcc,H_ONLY,cat,1,line_end,LINE,QGraphicsLineItem,,"(371.0,180.0)->(391.0,196.0)"
2026-01-19T12:11:00.092498,d9bc51a5-2281-45bd-bba9-700a5508cbcc,H_ONLY,cat,1,line_start,LINE,,,
2026-01-19T12:11:01.509948,d9bc51a5-2281-45bd-bba9-700a5508cbcc,H_ONLY,cat,1,line_end,LINE,QGraphicsLineItem,,"(371.0,182.0)->(388.0,137.0)"
2026-01-19T12:11:02.152237,d9bc51a5-2281-45bd-bba9-700a5508cbcc,H_ONLY,cat,1,line_start,LINE,,,
2026-01-19T12:11:03.219917,d9bc51a5-2281-45bd-bba9-700a5508cbcc,H_ONLY,cat,1,line_end,LINE,QGraphicsLineItem,,"(389.0,140.0)->(391.0,195.0)"
2026-01-19T12:11:16.737952,d9bc51a5-2281-45bd-bba9-700a5508cbcc,H_ONLY,cat,1,done_clicked,,,,
2026-01-19T12:11:16.738314,d9bc51a5-2281-45bd-bba9-700a5508cbcc,H_ONLY,cat,1,trial_end,,,,duration_s=33.537
2026-01-19T12:11:16.740123,d9bc51a5-2281-45bd-bba9-700a5508cbcc,H_ONLY,castle,2,trial_start,,,,task=castle
2026-01-19T12:11:24.499466,d9bc51a5-2281-45bd-bba9-700a5508cbcc,H_ONLY,castle,2,assistant_floating_toggle,,,,False
2026-01-19T12:11:25.932989,d9bc51a5-2281-45bd-bba9-700a5508cbcc,H_ONLY,castle,2,assistant_floating_toggle,,,,True
2026-01-19T12:11:31.145565,d9bc51a5-2281-45bd-bba9-700a5508cbcc,H_ONLY,castle,2,tool_change,RECT,,,
2026-01-19T12:11:31.368875,d9bc51a5-2281-45bd-bba9-700a5508cbcc,H_ONLY,castle,2,rect_start,RECT,,,
2026-01-19T12:11:31.947673,d9bc51a5-2281-45bd-bba9-700a5508cbcc,H_ONLY,castle,2,rect_end,RECT,QGraphicsRectItem,,"x=96.0,y=224.0,w=123.0,h=224.0"
2026-01-19T12:11:37.152908,d9bc51a5-2281-45bd-bba9-700a5508cbcc,H_ONLY,castle,2,stroke_color_change,,,,
2026-01-19T12:11:39.444699,d9bc51a5-2281-45bd-bba9-700a5508cbcc,H_ONLY,castle,2,rect_start,RECT,,,
2026-01-19T12:11:40.650603,d9bc51a5-2281-45bd-bba9-700a5508cbcc,H_ONLY,castle,2,rect_end,RECT,QGraphicsRectItem,,"x=98.0,y=133.0,w=93.0,h=93.0"
2026-01-19T12:11:58.009070,d9bc51a5-2281-45bd-bba9-700a5508cbcc,H_ONLY,castle,2,tool_change,LINE,,,
2026-01-19T12:11:59.084593,d9bc51a5-2281-45bd-bba9-700a5508cbcc,H_ONLY,castle,2,fill_color_change,,,,
2026-01-19T12:12:01.226569,d9bc51a5-2281-45bd-bba9-700a5508cbcc,H_ONLY,castle,2,stroke_color_change,,,,
2026-01-19T12:12:03.118133,d9bc51a5-2281-45bd-bba9-700a5508cbcc,H_ONLY,castle,2,line_start,LINE,,,
2026-01-19T12:12:05.450216,d9bc51a5-2281-45bd-bba9-700a5508cbcc,H_ONLY,castle,2,line_end,LINE,QGraphicsLineItem,,"(98.0,224.0)->(160.0,122.0)"
2026-01-19T12:12:07.214219,d9bc51a5-2281-45bd-bba9-700a5508cbcc,H_ONLY,castle,2,line_start,LINE,,,
2026-01-19T12:12:09.176180,d9bc51a5-2281-45bd-bba9-700a5508cbcc,H_ONLY,castle,2,line_end,LINE,QGraphicsLineItem,,"(161.0,123.0)->(218.0,224.0)"
2026-01-19T12:12:14.734678,d9bc51a5-2281-45bd-bba9-700a5508cbcc,H_ONLY,castle,2,tool_change,PEN,,,
2026-01-19T12:12:16.449999,d9bc51a5-2281-45bd-bba9-700a5508cbcc,H_ONLY,castle,2,pen_start,PEN,,,
2026-01-19T12:12:17.041905,d9bc51a5-2281-45bd-bba9-700a5508cbcc,H_ONLY,castle,2,pen_end,PEN,QGraphicsPathItem,94,
2026-01-19T12:12:25.883933,d9bc51a5-2281-45bd-bba9-700a5508cbcc,H_ONLY,castle,2,stroke_color_change,,,,
2026-01-19T12:12:28.749921,d9bc51a5-2281-45bd-bba9-700a5508cbcc,H_ONLY,castle,2,pen_start,PEN,,,
2026-01-19T12:12:36.710927,d9bc51a5-2281-45bd-bba9-700a5508cbcc,H_ONLY,castle,2,pen_end,PEN,QGraphicsPathItem,2071,
2026-01-19T12:12:38.633783,d9bc51a5-2281-45bd-bba9-700a5508cbcc,H_ONLY,castle,2,tool_change,SELECT,,,
2026-01-19T12:12:39.094172,d9bc51a5-2281-45bd-bba9-700a5508cbcc,H_ONLY,castle,2,select_press,SELECT,None,,
2026-01-19T12:12:39.402367,d9bc51a5-2281-45bd-bba9-700a5508cbcc,H_ONLY,castle,2,item_moved,SELECT,,,
2026-01-19T12:12:41.397223,d9bc51a5-2281-45bd-bba9-700a5508cbcc,H_ONLY,castle,2,select_press,SELECT,QGraphicsRectItem,,
2026-01-19T12:12:44.003746,d9bc51a5-2281-45bd-bba9-700a5508cbcc,H_ONLY,castle,2,item_moved,SELECT,,,
2026-01-19T12:12:44.381854,d9bc51a5-2281-45bd-bba9-700a5508cbcc,H_ONLY,castle,2,select_press,SELECT,None,,
2026-01-19T12:12:46.996374,d9bc51a5-2281-45bd-bba9-700a5508cbcc,H_ONLY,castle,2,tool_change,SELECT,,,
2026-01-19T12:12:47.371916,d9bc51a5-2281-45bd-bba9-700a5508cbcc,H_ONLY,castle,2,select_press,SELECT,None,,
2026-01-19T12:12:47.638643,d9bc51a5-2281-45bd-bba9-700a5508cbcc,H_ONLY,castle,2,item_moved,SELECT,,,
2026-01-19T12:12:48.059532,d9bc51a5-2281-45bd-bba9-700a5508cbcc,H_ONLY,castle,2,select_press,SELECT,QGraphicsRectItem,,
2026-01-19T12:12:52.225568,d9bc51a5-2281-45bd-bba9-700a5508cbcc,H_ONLY,castle,2,item_moved,SELECT,,,
2026-01-19T12:12:52.498909,d9bc51a5-2281-45bd-bba9-700a5508cbcc,H_ONLY,castle,2,select_press,SELECT,None,,
2026-01-19T12:12:58.527402,d9bc51a5-2281-45bd-bba9-700a5508cbcc,H_ONLY,castle,2,tool_change,RECT,,,
2026-01-19T12:13:00.323014,d9bc51a5-2281-45bd-bba9-700a5508cbcc,H_ONLY,castle,2,rect_start,RECT,,,
2026-01-19T12:13:02.322539,d9bc51a5-2281-45bd-bba9-700a5508cbcc,H_ONLY,castle,2,rect_end,RECT,QGraphicsRectItem,,"x=221.0,y=228.0,w=201.0,h=216.0"
2026-01-19T12:13:08.240357,d9bc51a5-2281-45bd-bba9-700a5508cbcc,H_ONLY,castle,2,fill_color_change,,,,
2026-01-19T12:13:09.422979,d9bc51a5-2281-45bd-bba9-700a5508cbcc,H_ONLY,castle,2,stroke_color_change,,,,
2026-01-19T12:13:10.499793,d9bc51a5-2281-45bd-bba9-700a5508cbcc,H_ONLY,castle,2,fill_color_change,,,,
2026-01-19T12:13:12.584412,d9bc51a5-2281-45bd-bba9-700a5508cbcc,H_ONLY,castle,2,rect_start,RECT,,,
2026-01-19T12:13:15.866377,d9bc51a5-2281-45bd-bba9-700a5508cbcc,H_ONLY,castle,2,rect_end,RECT,QGraphicsRectItem,,"x=220.0,y=227.0,w=207.0,h=225.0"
2026-01-19T12:13:20.934496,d9bc51a5-2281-45bd-bba9-700a5508cbcc,H_ONLY,castle,2,done_clicked,,,,
2026-01-19T12:13:20.934879,d9bc51a5-2281-45bd-bba9-700a5508cbcc,H_ONLY,castle,2,trial_end,,,,duration_s=124.194
2026-01-19T12:13:20.937401,d9bc51a5-2281-45bd-bba9-700a5508cbcc,H_ONLY,car,3,trial_start,,,,task=car
2026-01-19T12:13:29.242942,d9bc51a5-2281-45bd-bba9-700a5508cbcc,H_ONLY,car,3,tool_change,ELLIPSE,,,
2026-01-19T12:13:29.640685,d9bc51a5-2281-45bd-bba9-700a5508cbcc,H_ONLY,car,3,ellipse_start,ELLIPSE,,,
2026-01-19T12:13:30.047099,d9bc51a5-2281-45bd-bba9-700a5508cbcc,H_ONLY,car,3,ellipse_end,ELLIPSE,QGraphicsEllipseItem,,"x=113.0,y=261.0,w=291.0,h=145.0"
2026-01-19T12:13:30.856400,d9bc51a5-2281-45bd-bba9-700a5508cbcc,H_ONLY,car,3,ellipse_start,ELLIPSE,,,
2026-01-19T12:13:31.933072,d9bc51a5-2281-45bd-bba9-700a5508cbcc,H_ONLY,car,3,ellipse_end,ELLIPSE,QGraphicsEllipseItem,,"x=-36.0,y=276.0,w=221.0,h=96.0"
2026-01-19T12:13:36.390084,d9bc51a5-2281-45bd-bba9-700a5508cbcc,H_ONLY,car,3,tool_change,RECT,,,
2026-01-19T12:13:45.150570,d9bc51a5-2281-45bd-bba9-700a5508cbcc,H_ONLY,car,3,stroke_color_change,,,,
2026-01-19T12:13:46.051218,d9bc51a5-2281-45bd-bba9-700a5508cbcc,H_ONLY,car,3,rect_start,RECT,,,
2026-01-19T12:13:47.386308,d9bc51a5-2281-45bd-bba9-700a5508cbcc,H_ONLY,car,3,rect_end,RECT,QGraphicsRectItem,,"x=-60.0,y=328.0,w=472.0,h=139.0"
2026-01-19T12:13:55.046846,d9bc51a5-2281-45bd-bba9-700a5508cbcc,H_ONLY,car,3,fill_color_change,,,,
2026-01-19T12:13:56.575215,d9bc51a5-2281-45bd-bba9-700a5508cbcc,H_ONLY,car,3,rect_start,RECT,,,
2026-01-19T12:13:57.707905,d9bc51a5-2281-45bd-bba9-700a5508cbcc,H_ONLY,car,3,rect_end,RECT,QGraphicsRectItem,,"x=-62.0,y=330.0,w=502.0,h=105.0"
2026-01-19T12:14:09.008117,d9bc51a5-2281-45bd-bba9-700a5508cbcc,H_ONLY,car,3,done_clicked,,,,
2026-01-19T12:14:09.008510,d9bc51a5-2281-45bd-bba9-700a5508cbcc,H_ONLY,car,3,trial_end,,,,duration_s=48.071
2026-01-19T12:14:09.019283,d9bc51a5-2281-45bd-bba9-700a5508cbcc,H_ONLY,car,3,test_end,,,,completed
2026-01-19T12:23:24.972812,1b030747-364b-416e-a614-204ddc85b180,,,,stroke_color_change,,,,
2026-01-19T12:23:24.977653,1b030747-364b-416e-a614-204ddc85b180,,,,fill_color_change,,,,
2026-01-19T12:23:33.891949,1b030747-364b-416e-a614-204ddc85b180,H_ONLY,,,test_start,,,,condition=H_ONLY;3_tasks_fixed_order
2026-01-19T12:23:33.892471,1b030747-364b-416e-a614-204ddc85b180,H_ONLY,,,assistant_auto_toggle,,,,False
2026-01-19T12:23:33.892875,1b030747-364b-416e-a614-204ddc85b180,H_ONLY,,,assistant_floating_toggle,,,,False
2026-01-19T12:26:03.450720,98bee0d6-70fc-4f8e-8f83-d58036b9cef8,,,,stroke_color_change,,,,
2026-01-19T12:26:03.456623,98bee0d6-70fc-4f8e-8f83-d58036b9cef8,,,,fill_color_change,,,,
2026-01-19T12:26:09.472178,98bee0d6-70fc-4f8e-8f83-d58036b9cef8,H_PLUS_IA,,,test_start,,,,condition=H_PLUS_IA;3_tasks_fixed_order
2026-01-19T12:26:09.472772,98bee0d6-70fc-4f8e-8f83-d58036b9cef8,H_PLUS_IA,,,assistant_floating_toggle,,,,True
2026-01-19T14:05:40.297497,64707fd0-dc5c-49a0-9884-da6cbbe83fb4,,,,stroke_color_change,,,,
2026-01-19T14:05:40.305332,64707fd0-dc5c-49a0-9884-da6cbbe83fb4,,,,fill_color_change,,,,
2026-01-19T14:07:28.789072,64707fd0-dc5c-49a0-9884-da6cbbe83fb4,,,,assistant_floating_toggle,,,,False
2026-01-19T14:07:29.680075,64707fd0-dc5c-49a0-9884-da6cbbe83fb4,,,,assistant_floating_toggle,,,,True
2026-01-19T14:07:30.157938,64707fd0-dc5c-49a0-9884-da6cbbe83fb4,,,,assistant_floating_toggle,,,,False
2026-01-19T14:07:30.616220,64707fd0-dc5c-49a0-9884-da6cbbe83fb4,,,,assistant_floating_toggle,,,,True
2026-01-19T14:07:37.366749,64707fd0-dc5c-49a0-9884-da6cbbe83fb4,,,,assistant_auto_toggle,,,,True
2026-01-19T14:07:46.148532,64707fd0-dc5c-49a0-9884-da6cbbe83fb4,,,,tool_change,ELLIPSE,,,
2026-01-19T14:07:47.881631,64707fd0-dc5c-49a0-9884-da6cbbe83fb4,,,,ellipse_start,ELLIPSE,,,
2026-01-19T14:07:49.755920,64707fd0-dc5c-49a0-9884-da6cbbe83fb4,,,,ellipse_end,ELLIPSE,QGraphicsEllipseItem,,"x=189.0,y=121.0,w=132.0,h=135.0"
2026-01-19T14:07:49.756697,64707fd0-dc5c-49a0-9884-da6cbbe83fb4,,,,ai_output,ASSISTANT,,,shown:auto:CAT_EARS
2026-01-19T14:08:38.651267,64707fd0-dc5c-49a0-9884-da6cbbe83fb4,,,,user_action,ASSISTANT,,,override:auto:CAT_EARS:ms=48894
2026-01-19T14:08:38.651760,64707fd0-dc5c-49a0-9884-da6cbbe83fb4,,,,assistant_suppress,ASSISTANT,,,CAT_EARS
2026-01-19T14:08:41.603972,64707fd0-dc5c-49a0-9884-da6cbbe83fb4,,,,tool_change,ELLIPSE,,,
2026-01-19T14:08:42.083691,64707fd0-dc5c-49a0-9884-da6cbbe83fb4,,,,ellipse_start,ELLIPSE,,,
2026-01-19T14:08:42.804033,64707fd0-dc5c-49a0-9884-da6cbbe83fb4,,,,ellipse_end,ELLIPSE,QGraphicsEllipseItem,,"x=582.0,y=85.0,w=141.0,h=131.0"
2026-01-19T14:08:42.804807,64707fd0-dc5c-49a0-9884-da6cbbe83fb4,,,,ai_output,ASSISTANT,,,none:auto
2026-01-19T14:08:43.632966,64707fd0-dc5c-49a0-9884-da6cbbe83fb4,,,,ellipse_start,ELLIPSE,,,
2026-01-19T14:08:44.809994,64707fd0-dc5c-49a0-9884-da6cbbe83fb4,,,,ellipse_end,ELLIPSE,QGraphicsEllipseItem,,"x=422.0,y=367.0,w=150.0,h=143.0"
2026-01-19T14:08:44.810674,64707fd0-dc5c-49a0-9884-da6cbbe83fb4,,,,ai_output,ASSISTANT,,,none:auto
2026-01-19T14:08:48.353134,64707fd0-dc5c-49a0-9884-da6cbbe83fb4,,,,invoke_help,ASSISTANT,,,
2026-01-19T14:08:48.353579,64707fd0-dc5c-49a0-9884-da6cbbe83fb4,,,,ai_output,ASSISTANT,,,shown:manual:CAT_EARS
2026-01-19T14:08:59.181024,64707fd0-dc5c-49a0-9884-da6cbbe83fb4,,,,user_action,ASSISTANT,,,accept:manual:CAT_EARS:ms=10827
2026-01-19T14:09:25.798868,64707fd0-dc5c-49a0-9884-da6cbbe83fb4,,,,tool_change,RECT,,,
2026-01-19T14:09:27.628915,64707fd0-dc5c-49a0-9884-da6cbbe83fb4,,,,rect_start,RECT,,,
2026-01-19T14:09:28.934675,64707fd0-dc5c-49a0-9884-da6cbbe83fb4,,,,rect_end,RECT,QGraphicsRectItem,,"x=-104.0,y=271.0,w=126.0,h=263.0"
2026-01-19T14:09:28.935173,64707fd0-dc5c-49a0-9884-da6cbbe83fb4,,,,ai_output,ASSISTANT,,,shown:auto:ROOF_TRIANGLE
2026-01-19T14:09:32.731279,64707fd0-dc5c-49a0-9884-da6cbbe83fb4,,,,user_action,ASSISTANT,,,accept:auto:ROOF_TRIANGLE:ms=3796
2026-01-19T14:09:34.144674,64707fd0-dc5c-49a0-9884-da6cbbe83fb4,,,,tool_change,SELECT,,,
2026-01-19T14:09:34.513179,64707fd0-dc5c-49a0-9884-da6cbbe83fb4,,,,select_press,SELECT,None,,
2026-01-19T14:09:34.887332,64707fd0-dc5c-49a0-9884-da6cbbe83fb4,,,,item_moved,SELECT,,,
2026-01-19T14:09:36.572468,64707fd0-dc5c-49a0-9884-da6cbbe83fb4,,,,select_press,SELECT,QGraphicsRectItem,,
2026-01-19T14:09:37.222618,64707fd0-dc5c-49a0-9884-da6cbbe83fb4,,,,item_moved,SELECT,,,
2026-01-19T14:09:37.712596,64707fd0-dc5c-49a0-9884-da6cbbe83fb4,,,,select_press,SELECT,None,,
2026-01-19T14:09:38.037892,64707fd0-dc5c-49a0-9884-da6cbbe83fb4,,,,item_moved,SELECT,,,
2026-01-19T14:09:38.248652,64707fd0-dc5c-49a0-9884-da6cbbe83fb4,,,,select_press,SELECT,QGraphicsRectItem,,
2026-01-19T14:09:39.299086,64707fd0-dc5c-49a0-9884-da6cbbe83fb4,,,,item_moved,SELECT,,,
2026-01-19T14:09:40.852951,64707fd0-dc5c-49a0-9884-da6cbbe83fb4,,,,tool_change,RECT,,,
2026-01-19T14:09:42.124993,64707fd0-dc5c-49a0-9884-da6cbbe83fb4,,,,rect_start,RECT,,,
2026-01-19T14:09:46.728194,64707fd0-dc5c-49a0-9884-da6cbbe83fb4,,,,rect_end,RECT,QGraphicsRectItem,,"x=-57.0,y=473.0,w=217.0,h=263.0"
2026-01-19T14:09:46.728902,64707fd0-dc5c-49a0-9884-da6cbbe83fb4,,,,ai_output,ASSISTANT,,,none:auto
2026-01-19T14:09:53.031978,64707fd0-dc5c-49a0-9884-da6cbbe83fb4,,,,tool_change,SELECT,,,
2026-01-19T14:09:53.640109,64707fd0-dc5c-49a0-9884-da6cbbe83fb4,,,,select_press,SELECT,None,,
2026-01-19T14:09:53.933105,64707fd0-dc5c-49a0-9884-da6cbbe83fb4,,,,item_moved,SELECT,,,
2026-01-19T14:09:54.186989,64707fd0-dc5c-49a0-9884-da6cbbe83fb4,,,,select_press,SELECT,QGraphicsRectItem,,
2026-01-19T14:09:54.800146,64707fd0-dc5c-49a0-9884-da6cbbe83fb4,,,,item_moved,SELECT,,,
2026-01-19T14:09:55.095825,64707fd0-dc5c-49a0-9884-da6cbbe83fb4,,,,select_press,SELECT,None,,
2026-01-19T14:09:55.169804,64707fd0-dc5c-49a0-9884-da6cbbe83fb4,,,,item_moved,SELECT,,,
2026-01-19T14:10:17.656597,64707fd0-dc5c-49a0-9884-da6cbbe83fb4,,,,gen_add,GEN,,,Porte:porte_arrondie|prompt=
2026-01-19T14:10:20.060061,64707fd0-dc5c-49a0-9884-da6cbbe83fb4,,,,tool_change,SELECT,,,
2026-01-19T14:10:20.977203,64707fd0-dc5c-49a0-9884-da6cbbe83fb4,,,,select_press,SELECT,None,,
2026-01-19T14:10:21.546875,64707fd0-dc5c-49a0-9884-da6cbbe83fb4,,,,item_moved,SELECT,,,
2026-01-19T14:10:22.121245,64707fd0-dc5c-49a0-9884-da6cbbe83fb4,,,,select_press,SELECT,QGraphicsRectItem,,
2026-01-19T14:10:24.264171,64707fd0-dc5c-49a0-9884-da6cbbe83fb4,,,,item_moved,SELECT,,,
2026-01-19T14:10:24.577980,64707fd0-dc5c-49a0-9884-da6cbbe83fb4,,,,select_press,SELECT,None,,
2026-01-19T14:10:37.154300,64707fd0-dc5c-49a0-9884-da6cbbe83fb4,,,,gen_add,GEN,,,Carrosserie:carrosserie_rouge|prompt=
2026-01-19T14:10:39.120063,64707fd0-dc5c-49a0-9884-da6cbbe83fb4,,,,tool_change,SELECT,,,
2026-01-19T14:10:40.295713,64707fd0-dc5c-49a0-9884-da6cbbe83fb4,,,,select_press,SELECT,None,,
2026-01-19T14:10:42.073224,64707fd0-dc5c-49a0-9884-da6cbbe83fb4,,,,item_moved,SELECT,,,
2026-01-19T14:10:42.349509,64707fd0-dc5c-49a0-9884-da6cbbe83fb4,,,,select_press,SELECT,QGraphicsEllipseItem,,
2026-01-19T14:10:43.149923,64707fd0-dc5c-49a0-9884-da6cbbe83fb4,,,,item_moved,SELECT,,,
2026-01-19T14:10:43.568517,64707fd0-dc5c-49a0-9884-da6cbbe83fb4,,,,select_press,SELECT,None,,
2026-01-19T14:10:45.951196,64707fd0-dc5c-49a0-9884-da6cbbe83fb4,,,,select_press,SELECT,None,,
2026-01-19T14:10:46.375157,64707fd0-dc5c-49a0-9884-da6cbbe83fb4,,,,item_moved,SELECT,,,
2026-01-19T14:10:46.719207,64707fd0-dc5c-49a0-9884-da6cbbe83fb4,,,,select_press,SELECT,QGraphicsRectItem,,
2026-01-19T14:10:47.479138,64707fd0-dc5c-49a0-9884-da6cbbe83fb4,,,,item_moved,SELECT,,,
2026-01-19T14:10:47.645955,64707fd0-dc5c-49a0-9884-da6cbbe83fb4,,,,select_press,SELECT,None,,
2026-01-19T14:10:47.721357,64707fd0-dc5c-49a0-9884-da6cbbe83fb4,,,,item_moved,SELECT,,,
2026-01-19T14:10:49.256109,64707fd0-dc5c-49a0-9884-da6cbbe83fb4,,,,gen_add,GEN,,,Carrosserie:carrosserie_rouge|prompt=
2026-01-19T14:10:50.022216,64707fd0-dc5c-49a0-9884-da6cbbe83fb4,,,,select_press,SELECT,None,,
2026-01-19T14:10:50.400891,64707fd0-dc5c-49a0-9884-da6cbbe83fb4,,,,item_moved,SELECT,,,
2026-01-19T14:11:00.717362,64707fd0-dc5c-49a0-9884-da6cbbe83fb4,,,,select_press,SELECT,None,,
2026-01-19T14:11:00.780193,64707fd0-dc5c-49a0-9884-da6cbbe83fb4,,,,item_moved,SELECT,,,
2026-01-19T14:11:01.115375,64707fd0-dc5c-49a0-9884-da6cbbe83fb4,,,,select_press,SELECT,None,,
2026-01-19T14:11:01.531957,64707fd0-dc5c-49a0-9884-da6cbbe83fb4,,,,item_moved,SELECT,,,
2026-01-19T14:11:01.944219,64707fd0-dc5c-49a0-9884-da6cbbe83fb4,,,,select_press,SELECT,None,,
2026-01-19T14:11:02.002052,64707fd0-dc5c-49a0-9884-da6cbbe83fb4,,,,item_moved,SELECT,,,
2026-01-19T14:11:05.263972,64707fd0-dc5c-49a0-9884-da6cbbe83fb4,,,,gen_add,GEN,,,Roue:jante_claire|prompt=
2026-01-19T14:11:06.421275,64707fd0-dc5c-49a0-9884-da6cbbe83fb4,,,,select_press,SELECT,None,,
2026-01-19T14:11:06.685193,64707fd0-dc5c-49a0-9884-da6cbbe83fb4,,,,item_moved,SELECT,,,
2026-01-19T14:11:07.353056,64707fd0-dc5c-49a0-9884-da6cbbe83fb4,,,,select_press,SELECT,QGraphicsLineItem,,
2026-01-19T14:11:08.329199,64707fd0-dc5c-49a0-9884-da6cbbe83fb4,,,,item_moved,SELECT,,,
2026-01-19T14:11:09.518145,64707fd0-dc5c-49a0-9884-da6cbbe83fb4,,,,gen_add,GEN,,,Roue:jante_claire|prompt=
2026-01-19T14:11:10.326228,64707fd0-dc5c-49a0-9884-da6cbbe83fb4,,,,select_press,SELECT,None,,
2026-01-19T14:11:10.678410,64707fd0-dc5c-49a0-9884-da6cbbe83fb4,,,,item_moved,SELECT,,,
2026-01-19T14:11:11.031598,64707fd0-dc5c-49a0-9884-da6cbbe83fb4,,,,select_press,SELECT,QGraphicsLineItem,,
2026-01-19T14:11:11.931094,64707fd0-dc5c-49a0-9884-da6cbbe83fb4,,,,item_moved,SELECT,,,
2026-01-19T14:11:12.191633,64707fd0-dc5c-49a0-9884-da6cbbe83fb4,,,,select_press,SELECT,None,,
2026-01-19T14:11:12.681099,64707fd0-dc5c-49a0-9884-da6cbbe83fb4,,,,select_press,SELECT,None,,
2026-01-19T14:11:13.014147,64707fd0-dc5c-49a0-9884-da6cbbe83fb4,,,,item_moved,SELECT,,,
2026-01-19T14:11:13.412956,64707fd0-dc5c-49a0-9884-da6cbbe83fb4,,,,select_press,SELECT,QGraphicsEllipseItem,,
2026-01-19T14:11:14.624049,64707fd0-dc5c-49a0-9884-da6cbbe83fb4,,,,item_moved,SELECT,,,
2026-01-19T14:11:14.884357,64707fd0-dc5c-49a0-9884-da6cbbe83fb4,,,,select_press,SELECT,None,,
2026-01-19T14:11:39.546366,64707fd0-dc5c-49a0-9884-da6cbbe83fb4,,,,assistant_auto_toggle,,,,False
2026-01-19T14:12:02.190174,64707fd0-dc5c-49a0-9884-da6cbbe83fb4,H_ONLY,,,test_start,,,,condition=H_ONLY;3_tasks_fixed_order
2026-01-19T14:12:02.190779,64707fd0-dc5c-49a0-9884-da6cbbe83fb4,H_ONLY,,,assistant_auto_toggle,,,,False
2026-01-19T14:12:02.191213,64707fd0-dc5c-49a0-9884-da6cbbe83fb4,H_ONLY,,,assistant_floating_toggle,,,,False
2026-01-19T14:12:09.448315,64707fd0-dc5c-49a0-9884-da6cbbe83fb4,H_ONLY,,,assistant_floating_toggle,,,,False
2026-01-19T14:12:09.833583,64707fd0-dc5c-49a0-9884-da6cbbe83fb4,H_ONLY,,,assistant_floating_toggle,,,,True
2026-01-19T14:12:10.399275,64707fd0-dc5c-49a0-9884-da6cbbe83fb4,H_ONLY,,,assistant_floating_toggle,,,,False
2026-01-19T14:12:10.921563,64707fd0-dc5c-49a0-9884-da6cbbe83fb4,H_ONLY,,,assistant_floating_toggle,,,,True
2026-01-19T14:12:12.232327,64707fd0-dc5c-49a0-9884-da6cbbe83fb4,H_ONLY,,,assistant_floating_toggle,,,,False
2026-01-19T14:12:13.039584,64707fd0-dc5c-49a0-9884-da6cbbe83fb4,H_ONLY,,,assistant_floating_toggle,,,,True
2026-01-19T14:12:25.010387,64707fd0-dc5c-49a0-9884-da6cbbe83fb4,H_ONLY,,,assistant_floating_toggle,,,,False
2026-01-19T14:12:25.398320,64707fd0-dc5c-49a0-9884-da6cbbe83fb4,H_ONLY,,,assistant_floating_toggle,,,,True
2026-01-19T14:12:25.881182,64707fd0-dc5c-49a0-9884-da6cbbe83fb4,H_ONLY,,,assistant_floating_toggle,,,,False
2026-01-19T14:12:26.387561,64707fd0-dc5c-49a0-9884-da6cbbe83fb4,H_ONLY,,,assistant_floating_toggle,,,,True
2026-01-19T14:12:26.946369,64707fd0-dc5c-49a0-9884-da6cbbe83fb4,H_ONLY,,,assistant_floating_toggle,,,,False
2026-01-19T14:12:47.200309,64707fd0-dc5c-49a0-9884-da6cbbe83fb4,H_ONLY,,,assistant_auto_toggle,,,,True
2026-01-19T14:12:48.468295,64707fd0-dc5c-49a0-9884-da6cbbe83fb4,H_ONLY,,,assistant_auto_toggle,,,,False
2026-01-19T14:16:57.360788,64707fd0-dc5c-49a0-9884-da6cbbe83fb4,H_ONLY,,,tool_change,SELECT,,,
2026-01-19T14:16:57.944949,64707fd0-dc5c-49a0-9884-da6cbbe83fb4,H_ONLY,,,select_press,SELECT,QGraphicsRectItem,,
2026-01-19T14:16:58.589247,64707fd0-dc5c-49a0-9884-da6cbbe83fb4,H_ONLY,,,item_moved,SELECT,,,
2026-01-19T14:17:00.591453,64707fd0-dc5c-49a0-9884-da6cbbe83fb4,H_ONLY,,,select_press,SELECT,None,,
2026-01-19T14:17:02.408133,64707fd0-dc5c-49a0-9884-da6cbbe83fb4,H_ONLY,,,select_press,SELECT,QGraphicsEllipseItem,,
2026-01-19T14:17:03.802956,64707fd0-dc5c-49a0-9884-da6cbbe83fb4,H_ONLY,,,item_moved,SELECT,,,
2026-01-19T14:17:04.264334,64707fd0-dc5c-49a0-9884-da6cbbe83fb4,H_ONLY,,,select_press,SELECT,QGraphicsEllipseItem,,
2026-01-19T14:17:06.049960,64707fd0-dc5c-49a0-9884-da6cbbe83fb4,H_ONLY,,,item_moved,SELECT,,,
2026-01-19T14:17:10.392900,64707fd0-dc5c-49a0-9884-da6cbbe83fb4,H_ONLY,,,select_press,SELECT,QGraphicsRectItem,,
2026-01-19T14:17:13.866359,64707fd0-dc5c-49a0-9884-da6cbbe83fb4,H_ONLY,,,select_press,SELECT,QGraphicsRectItem,,
2026-01-19T14:17:20.923157,64707fd0-dc5c-49a0-9884-da6cbbe83fb4,H_ONLY,,,select_press,SELECT,None,,
2026-01-19T14:18:28.202139,64707fd0-dc5c-49a0-9884-da6cbbe83fb4,H_ONLY,,,select_press,SELECT,QGraphicsEllipseItem,,
2026-01-19T14:18:28.674517,64707fd0-dc5c-49a0-9884-da6cbbe83fb4,H_ONLY,,,select_press,SELECT,QGraphicsEllipseItem,,
2026-01-19T14:18:37.772310,64707fd0-dc5c-49a0-9884-da6cbbe83fb4,H_ONLY,,,select_press,SELECT,QGraphicsRectItem,,
2026-01-19T14:19:17.611808,64707fd0-dc5c-49a0-9884-da6cbbe83fb4,H_ONLY,,,select_press,SELECT,QGraphicsEllipseItem,,
2026-01-19T14:19:18.428697,64707fd0-dc5c-49a0-9884-da6cbbe83fb4,H_ONLY,,,item_moved,SELECT,,,
2026-01-19T14:19:21.025864,64707fd0-dc5c-49a0-9884-da6cbbe83fb4,H_ONLY,,,gen_add,GEN,,,Porte:porte_rayure|prompt=
2026-01-19T14:19:21.870672,64707fd0-dc5c-49a0-9884-da6cbbe83fb4,H_ONLY,,,select_press,SELECT,None,,
2026-01-19T14:19:22.288522,64707fd0-dc5c-49a0-9884-da6cbbe83fb4,H_ONLY,,,item_moved,SELECT,,,
2026-01-19T14:19:22.711780,64707fd0-dc5c-49a0-9884-da6cbbe83fb4,H_ONLY,,,select_press,SELECT,QGraphicsRectItem,,
2026-01-19T14:19:23.003275,64707fd0-dc5c-49a0-9884-da6cbbe83fb4,H_ONLY,,,item_moved,SELECT,,,
2026-01-19T14:19:23.184317,64707fd0-dc5c-49a0-9884-da6cbbe83fb4,H_ONLY,,,select_press,SELECT,None,,
2026-01-19T14:19:23.804789,64707fd0-dc5c-49a0-9884-da6cbbe83fb4,H_ONLY,,,select_press,SELECT,QGraphicsRectItem,,
2026-01-19T14:19:24.073258,64707fd0-dc5c-49a0-9884-da6cbbe83fb4,H_ONLY,,,item_moved,SELECT,,,
2026-01-19T14:19:24.330314,64707fd0-dc5c-49a0-9884-da6cbbe83fb4,H_ONLY,,,select_press,SELECT,QGraphicsRectItem,,
2026-01-19T14:19:25.443692,64707fd0-dc5c-49a0-9884-da6cbbe83fb4,H_ONLY,,,item_moved,SELECT,,,
2026-01-19T14:19:27.518685,64707fd0-dc5c-49a0-9884-da6cbbe83fb4,H_ONLY,,,select_press,SELECT,QGraphicsRectItem,,
2026-01-19T14:19:30.235176,64707fd0-dc5c-49a0-9884-da6cbbe83fb4,H_ONLY,,,item_moved,SELECT,,,
2026-01-19T14:19:30.557520,64707fd0-dc5c-49a0-9884-da6cbbe83fb4,H_ONLY,,,select_press,SELECT,None,,
2026-01-19T14:20:11.320204,64707fd0-dc5c-49a0-9884-da6cbbe83fb4,H_ONLY,,,tool_change,SELECT,,,
2026-01-19T14:21:12.626297,64707fd0-dc5c-49a0-9884-da6cbbe83fb4,H_ONLY,,,tool_change,SELECT,,,
2026-01-19T14:21:13.287990,64707fd0-dc5c-49a0-9884-da6cbbe83fb4,H_ONLY,,,select_press,SELECT,None,,
2026-01-19T14:21:14.305338,64707fd0-dc5c-49a0-9884-da6cbbe83fb4,H_ONLY,,,item_moved,SELECT,,,
2026-01-19T14:21:14.850991,64707fd0-dc5c-49a0-9884-da6cbbe83fb4,H_ONLY,,,select_press,SELECT,None,,
2026-01-19T14:24:11.019208,3035d04a-5287-4fe0-8928-eb0342453143,,,,stroke_color_change,,,,
2026-01-19T14:24:11.026670,3035d04a-5287-4fe0-8928-eb0342453143,,,,fill_color_change,,,,
2026-01-19T14:24:23.853235,3035d04a-5287-4fe0-8928-eb0342453143,H_PLUS_IA,,,test_start,,,,condition=H_PLUS_IA;3_tasks_fixed_order
2026-01-19T14:24:23.853851,3035d04a-5287-4fe0-8928-eb0342453143,H_PLUS_IA,,,assistant_floating_toggle,,,,True
2026-01-19T14:28:34.900973,74687dc1-0835-4d9b-970f-65c10b5fa5ec,H_ONLY,,,stroke_color_change,,,,
2026-01-19T14:28:34.908815,74687dc1-0835-4d9b-970f-65c10b5fa5ec,H_ONLY,,,fill_color_change,,,,
2026-01-19T14:28:39.416346,74687dc1-0835-4d9b-970f-65c10b5fa5ec,H_ONLY,,,test_start,,,,3_tasks_fixed_order
2026-01-19T14:28:39.416891,74687dc1-0835-4d9b-970f-65c10b5fa5ec,H_ONLY,,,assistant_auto_toggle,,,,False
2026-01-19T14:28:39.417404,74687dc1-0835-4d9b-970f-65c10b5fa5ec,H_ONLY,,,assistant_floating_toggle,,,,False
2026-01-19T14:28:39.422901,74687dc1-0835-4d9b-970f-65c10b5fa5ec,H_ONLY,cat,1,trial_start,,,,task=cat
2026-01-19T14:29:30.203343,74687dc1-0835-4d9b-970f-65c10b5fa5ec,H_ONLY,cat,1,tool_change,ELLIPSE,,,
2026-01-19T14:29:38.241296,74687dc1-0835-4d9b-970f-65c10b5fa5ec,H_ONLY,cat,1,tool_change,ELLIPSE,,,
2026-01-19T14:29:40.231860,74687dc1-0835-4d9b-970f-65c10b5fa5ec,H_ONLY,cat,1,ellipse_start,ELLIPSE,,,
2026-01-19T14:29:41.765771,74687dc1-0835-4d9b-970f-65c10b5fa5ec,H_ONLY,cat,1,ellipse_end,ELLIPSE,QGraphicsEllipseItem,,"x=298.0,y=201.0,w=119.0,h=112.0"
2026-01-19T14:29:57.383331,74687dc1-0835-4d9b-970f-65c10b5fa5ec,H_ONLY,cat,1,tool_change,LINE,,,
2026-01-19T14:29:58.389686,74687dc1-0835-4d9b-970f-65c10b5fa5ec,H_ONLY,cat,1,line_start,LINE,,,
2026-01-19T14:29:59.864784,74687dc1-0835-4d9b-970f-65c10b5fa5ec,H_ONLY,cat,1,line_end,LINE,QGraphicsLineItem,,"(314.0,220.0)->(331.0,159.0)"
2026-01-19T14:30:00.361067,74687dc1-0835-4d9b-970f-65c10b5fa5ec,H_ONLY,cat,1,line_start,LINE,,,
2026-01-19T14:30:01.104753,74687dc1-0835-4d9b-970f-65c10b5fa5ec,H_ONLY,cat,1,line_end,LINE,QGraphicsLineItem,,"(331.0,159.0)->(349.0,205.0)"
2026-01-19T14:30:01.933073,74687dc1-0835-4d9b-970f-65c10b5fa5ec,H_ONLY,cat,1,line_start,LINE,,,
2026-01-19T14:30:02.586724,74687dc1-0835-4d9b-970f-65c10b5fa5ec,H_ONLY,cat,1,line_end,LINE,QGraphicsLineItem,,"(386.0,206.0)->(401.0,155.0)"
2026-01-19T14:30:03.152714,74687dc1-0835-4d9b-970f-65c10b5fa5ec,H_ONLY,cat,1,line_start,LINE,,,
2026-01-19T14:30:04.383787,74687dc1-0835-4d9b-970f-65c10b5fa5ec,H_ONLY,cat,1,line_end,LINE,QGraphicsLineItem,,"(400.0,156.0)->(405.0,224.0)"
2026-01-19T14:30:15.152712,74687dc1-0835-4d9b-970f-65c10b5fa5ec,H_ONLY,cat,1,done_clicked,,,,
2026-01-19T14:30:15.153232,74687dc1-0835-4d9b-970f-65c10b5fa5ec,H_ONLY,cat,1,trial_end,,,,duration_s=95.730
2026-01-19T14:30:15.156981,74687dc1-0835-4d9b-970f-65c10b5fa5ec,H_ONLY,castle,2,trial_start,,,,task=castle
2026-01-19T14:30:51.247699,74687dc1-0835-4d9b-970f-65c10b5fa5ec,H_ONLY,castle,2,tool_change,RECT,,,
2026-01-19T14:30:53.900072,74687dc1-0835-4d9b-970f-65c10b5fa5ec,H_ONLY,castle,2,rect_start,RECT,,,
2026-01-19T14:30:55.801885,74687dc1-0835-4d9b-970f-65c10b5fa5ec,H_ONLY,castle,2,rect_end,RECT,QGraphicsRectItem,,"x=143.0,y=178.0,w=140.0,h=290.0"
2026-01-19T14:31:01.169991,74687dc1-0835-4d9b-970f-65c10b5fa5ec,H_ONLY,castle,2,stroke_color_change,,,,
2026-01-19T14:31:02.447790,74687dc1-0835-4d9b-970f-65c10b5fa5ec,H_ONLY,castle,2,tool_change,LINE,,,
2026-01-19T14:31:03.770843,74687dc1-0835-4d9b-970f-65c10b5fa5ec,H_ONLY,castle,2,line_start,LINE,,,
2026-01-19T14:31:05.069861,74687dc1-0835-4d9b-970f-65c10b5fa5ec,H_ONLY,castle,2,line_end,LINE,QGraphicsLineItem,,"(146.0,179.0)->(218.0,58.0)"
2026-01-19T14:31:05.355103,74687dc1-0835-4d9b-970f-65c10b5fa5ec,H_ONLY,castle,2,line_start,LINE,,,
2026-01-19T14:31:07.234864,74687dc1-0835-4d9b-970f-65c10b5fa5ec,H_ONLY,castle,2,line_end,LINE,QGraphicsLineItem,,"(217.0,58.0)->(282.0,175.0)"
2026-01-19T14:31:14.017742,74687dc1-0835-4d9b-970f-65c10b5fa5ec,H_ONLY,castle,2,tool_change,SELECT,,,
2026-01-19T14:31:14.373159,74687dc1-0835-4d9b-970f-65c10b5fa5ec,H_ONLY,castle,2,select_press,SELECT,None,,
2026-01-19T14:31:14.626724,74687dc1-0835-4d9b-970f-65c10b5fa5ec,H_ONLY,castle,2,item_moved,SELECT,,,
2026-01-19T14:31:17.099576,74687dc1-0835-4d9b-970f-65c10b5fa5ec,H_ONLY,castle,2,select_press,SELECT,QGraphicsRectItem,,
2026-01-19T14:31:18.538862,74687dc1-0835-4d9b-970f-65c10b5fa5ec,H_ONLY,castle,2,item_moved,SELECT,,,
2026-01-19T14:31:18.799833,74687dc1-0835-4d9b-970f-65c10b5fa5ec,H_ONLY,castle,2,select_press,SELECT,None,,
2026-01-19T14:31:20.300079,74687dc1-0835-4d9b-970f-65c10b5fa5ec,H_ONLY,castle,2,tool_change,RECT,,,
2026-01-19T14:31:21.427041,74687dc1-0835-4d9b-970f-65c10b5fa5ec,H_ONLY,castle,2,rect_start,RECT,,,
2026-01-19T14:31:23.016909,74687dc1-0835-4d9b-970f-65c10b5fa5ec,H_ONLY,castle,2,rect_end,RECT,QGraphicsRectItem,,"x=284.0,y=180.0,w=245.0,h=289.0"
2026-01-19T14:31:24.932353,74687dc1-0835-4d9b-970f-65c10b5fa5ec,H_ONLY,castle,2,fill_color_change,,,,
2026-01-19T14:31:27.517422,74687dc1-0835-4d9b-970f-65c10b5fa5ec,H_ONLY,castle,2,fill_color_change,,,,
2026-01-19T14:31:28.136974,74687dc1-0835-4d9b-970f-65c10b5fa5ec,H_ONLY,castle,2,stroke_color_change,,,,
2026-01-19T14:31:29.130073,74687dc1-0835-4d9b-970f-65c10b5fa5ec,H_ONLY,castle,2,rect_start,RECT,,,
2026-01-19T14:31:31.166792,74687dc1-0835-4d9b-970f-65c10b5fa5ec,H_ONLY,castle,2,rect_end,RECT,QGraphicsRectItem,,"x=283.0,y=179.0,w=247.0,h=289.0"
2026-01-19T14:31:35.585250,74687dc1-0835-4d9b-970f-65c10b5fa5ec,H_ONLY,castle,2,stroke_color_change,,,,
2026-01-19T14:31:42.566050,74687dc1-0835-4d9b-970f-65c10b5fa5ec,H_ONLY,castle,2,fill_color_change,,,,
2026-01-19T14:31:43.504083,74687dc1-0835-4d9b-970f-65c10b5fa5ec,H_ONLY,castle,2,rect_start,RECT,,,
2026-01-19T14:31:45.435551,74687dc1-0835-4d9b-970f-65c10b5fa5ec,H_ONLY,castle,2,rect_end,RECT,QGraphicsRectItem,,"x=355.0,y=280.0,w=105.0,h=186.0"
2026-01-19T14:31:46.829635,74687dc1-0835-4d9b-970f-65c10b5fa5ec,H_ONLY,castle,2,tool_change,ELLIPSE,,,
2026-01-19T14:31:47.707167,74687dc1-0835-4d9b-970f-65c10b5fa5ec,H_ONLY,castle,2,stroke_color_change,,,,
2026-01-19T14:31:48.450364,74687dc1-0835-4d9b-970f-65c10b5fa5ec,H_ONLY,castle,2,fill_color_change,,,,
2026-01-19T14:31:49.622066,74687dc1-0835-4d9b-970f-65c10b5fa5ec,H_ONLY,castle,2,ellipse_start,ELLIPSE,,,
2026-01-19T14:31:50.548428,74687dc1-0835-4d9b-970f-65c10b5fa5ec,H_ONLY,castle,2,ellipse_end,ELLIPSE,QGraphicsEllipseItem,,"x=432.0,y=368.0,w=12.0,h=14.0"
2026-01-19T14:31:55.067368,74687dc1-0835-4d9b-970f-65c10b5fa5ec,H_ONLY,castle,2,done_clicked,,,,
2026-01-19T14:31:55.067749,74687dc1-0835-4d9b-970f-65c10b5fa5ec,H_ONLY,castle,2,trial_end,,,,duration_s=99.910
2026-01-19T14:31:55.070340,74687dc1-0835-4d9b-970f-65c10b5fa5ec,H_ONLY,car,3,trial_start,,,,task=car
2026-01-19T14:32:00.240255,74687dc1-0835-4d9b-970f-65c10b5fa5ec,H_ONLY,car,3,gen_add,GEN,,,Porte:porte_arrondie|prompt=
2026-01-19T14:32:01.049619,74687dc1-0835-4d9b-970f-65c10b5fa5ec,H_ONLY,car,3,ellipse_start,ELLIPSE,,,
2026-01-19T14:32:02.615883,74687dc1-0835-4d9b-970f-65c10b5fa5ec,H_ONLY,car,3,ellipse_end,ELLIPSE,QGraphicsEllipseItem,,"x=971.0,y=329.0,w=105.0,h=281.0"
2026-01-19T14:32:04.657980,74687dc1-0835-4d9b-970f-65c10b5fa5ec,H_ONLY,car,3,tool_change,SELECT,,,
2026-01-19T14:32:05.118236,74687dc1-0835-4d9b-970f-65c10b5fa5ec,H_ONLY,car,3,select_press,SELECT,None,,
2026-01-19T14:32:05.479305,74687dc1-0835-4d9b-970f-65c10b5fa5ec,H_ONLY,car,3,item_moved,SELECT,,,
2026-01-19T14:32:05.781423,74687dc1-0835-4d9b-970f-65c10b5fa5ec,H_ONLY,car,3,select_press,SELECT,QGraphicsRectItem,,
2026-01-19T14:32:06.311934,74687dc1-0835-4d9b-970f-65c10b5fa5ec,H_ONLY,car,3,item_moved,SELECT,,,
2026-01-19T14:32:06.506877,74687dc1-0835-4d9b-970f-65c10b5fa5ec,H_ONLY,car,3,select_press,SELECT,None,,
2026-01-19T14:32:16.554208,74687dc1-0835-4d9b-970f-65c10b5fa5ec,H_ONLY,car,3,gen_add,GEN,,,Carrosserie:carrosserie_rouge|prompt=
2026-01-19T14:32:18.008943,74687dc1-0835-4d9b-970f-65c10b5fa5ec,H_ONLY,car,3,tool_change,SELECT,,,
2026-01-19T14:32:18.316765,74687dc1-0835-4d9b-970f-65c10b5fa5ec,H_ONLY,car,3,select_press,SELECT,None,,
2026-01-19T14:32:18.590883,74687dc1-0835-4d9b-970f-65c10b5fa5ec,H_ONLY,car,3,item_moved,SELECT,,,
2026-01-19T14:32:18.911699,74687dc1-0835-4d9b-970f-65c10b5fa5ec,H_ONLY,car,3,select_press,SELECT,QGraphicsEllipseItem,,
2026-01-19T14:32:19.166116,74687dc1-0835-4d9b-970f-65c10b5fa5ec,H_ONLY,car,3,item_moved,SELECT,,,
2026-01-19T14:32:19.396089,74687dc1-0835-4d9b-970f-65c10b5fa5ec,H_ONLY,car,3,select_press,SELECT,None,,
2026-01-19T14:32:19.460149,74687dc1-0835-4d9b-970f-65c10b5fa5ec,H_ONLY,car,3,item_moved,SELECT,,,
2026-01-19T14:32:19.942272,74687dc1-0835-4d9b-970f-65c10b5fa5ec,H_ONLY,car,3,select_press,SELECT,None,,
2026-01-19T14:32:20.164122,74687dc1-0835-4d9b-970f-65c10b5fa5ec,H_ONLY,car,3,item_moved,SELECT,,,
2026-01-19T14:32:20.752525,74687dc1-0835-4d9b-970f-65c10b5fa5ec,H_ONLY,car,3,select_press,SELECT,QGraphicsRectItem,,
2026-01-19T14:32:21.260113,74687dc1-0835-4d9b-970f-65c10b5fa5ec,H_ONLY,car,3,item_moved,SELECT,,,
2026-01-19T14:32:21.551374,74687dc1-0835-4d9b-970f-65c10b5fa5ec,H_ONLY,car,3,select_press,SELECT,None,,
2026-01-19T14:32:21.607986,74687dc1-0835-4d9b-970f-65c10b5fa5ec,H_ONLY,car,3,item_moved,SELECT,,,
2026-01-19T14:32:21.964382,74687dc1-0835-4d9b-970f-65c10b5fa5ec,H_ONLY,car,3,select_press,SELECT,None,,
2026-01-19T14:32:22.127957,74687dc1-0835-4d9b-970f-65c10b5fa5ec,H_ONLY,car,3,item_moved,SELECT,,,
2026-01-19T14:32:22.491829,74687dc1-0835-4d9b-970f-65c10b5fa5ec,H_ONLY,car,3,select_press,SELECT,None,,
2026-01-19T14:32:22.739832,74687dc1-0835-4d9b-970f-65c10b5fa5ec,H_ONLY,car,3,item_moved,SELECT,,,
2026-01-19T14:32:22.967270,74687dc1-0835-4d9b-970f-65c10b5fa5ec,H_ONLY,car,3,select_press,SELECT,QGraphicsRectItem,,
2026-01-19T14:32:27.748117,74687dc1-0835-4d9b-970f-65c10b5fa5ec,H_ONLY,car,3,item_moved,SELECT,,,
2026-01-19T14:32:35.986103,74687dc1-0835-4d9b-970f-65c10b5fa5ec,H_ONLY,car,3,select_press,SELECT,None,,
2026-01-19T14:32:36.065103,74687dc1-0835-4d9b-970f-65c10b5fa5ec,H_ONLY,car,3,item_moved,SELECT,,,
2026-01-19T14:33:07.008668,74687dc1-0835-4d9b-970f-65c10b5fa5ec,H_ONLY,car,3,gen_add,GEN,,,Roue:jante_foncee|prompt=
2026-01-19T14:33:07.675174,74687dc1-0835-4d9b-970f-65c10b5fa5ec,H_ONLY,car,3,select_press,SELECT,None,,
2026-01-19T14:33:07.948799,74687dc1-0835-4d9b-970f-65c10b5fa5ec,H_ONLY,car,3,item_moved,SELECT,,,
2026-01-19T14:33:08.282043,74687dc1-0835-4d9b-970f-65c10b5fa5ec,H_ONLY,car,3,select_press,SELECT,QGraphicsLineItem,,
2026-01-19T14:33:10.458275,74687dc1-0835-4d9b-970f-65c10b5fa5ec,H_ONLY,car,3,item_moved,SELECT,,,
2026-01-19T14:33:10.749720,74687dc1-0835-4d9b-970f-65c10b5fa5ec,H_ONLY,car,3,select_press,SELECT,None,,
2026-01-19T14:33:11.663726,74687dc1-0835-4d9b-970f-65c10b5fa5ec,H_ONLY,car,3,gen_add,GEN,,,Roue:jante_foncee|prompt=
2026-01-19T14:33:12.333171,74687dc1-0835-4d9b-970f-65c10b5fa5ec,H_ONLY,car,3,select_press,SELECT,None,,
2026-01-19T14:33:12.594240,74687dc1-0835-4d9b-970f-65c10b5fa5ec,H_ONLY,car,3,item_moved,SELECT,,,
2026-01-19T14:33:13.067090,74687dc1-0835-4d9b-970f-65c10b5fa5ec,H_ONLY,car,3,select_press,SELECT,QGraphicsLineItem,,
2026-01-19T14:33:15.159329,74687dc1-0835-4d9b-970f-65c10b5fa5ec,H_ONLY,car,3,item_moved,SELECT,,,
2026-01-19T14:33:21.100571,74687dc1-0835-4d9b-970f-65c10b5fa5ec,H_ONLY,car,3,select_press,SELECT,None,,
2026-01-19T14:33:21.177469,74687dc1-0835-4d9b-970f-65c10b5fa5ec,H_ONLY,car,3,item_moved,SELECT,,,
2026-01-19T14:33:32.314336,74687dc1-0835-4d9b-970f-65c10b5fa5ec,H_ONLY,car,3,done_clicked,,,,
2026-01-19T14:33:32.314746,74687dc1-0835-4d9b-970f-65c10b5fa5ec,H_ONLY,car,3,trial_end,,,,duration_s=97.244
2026-01-19T14:33:32.316790,74687dc1-0835-4d9b-970f-65c10b5fa5ec,H_ONLY,car,3,test_end,,,,completed
2026-01-19T14:33:39.122097,74687dc1-0835-4d9b-970f-65c10b5fa5ec,H_ONLY,,,test_start,,,,3_tasks_fixed_order
2026-01-19T14:33:39.122532,74687dc1-0835-4d9b-970f-65c10b5fa5ec,H_ONLY,,,assistant_auto_toggle,,,,False
2026-01-19T14:33:39.122882,74687dc1-0835-4d9b-970f-65c10b5fa5ec,H_ONLY,,,assistant_floating_toggle,,,,False
2026-01-19T14:33:39.128734,74687dc1-0835-4d9b-970f-65c10b5fa5ec,H_ONLY,cat,1,trial_start,,,,task=cat
2026-01-19T14:34:43.024026,c43e3a16-b697-4e64-951c-434c81fda28e,H_PLUS_IA,,,stroke_color_change,,,,
2026-01-19T14:34:43.025705,c43e3a16-b697-4e64-951c-434c81fda28e,H_PLUS_IA,,,fill_color_change,,,,
2026-01-19T14:34:46.635379,c43e3a16-b697-4e64-951c-434c81fda28e,H_PLUS_IA,,,test_start,,,,3_tasks_fixed_order
2026-01-19T14:34:46.641376,c43e3a16-b697-4e64-951c-434c81fda28e,H_PLUS_IA,cat,1,trial_start,,,,task=cat
2026-01-19T14:37:37.180920,54f77399-8d13-4cd9-b17c-b280d4b3eb52,H_PLUS_IA,,,stroke_color_change,,,,
2026-01-19T14:37:37.188858,54f77399-8d13-4cd9-b17c-b280d4b3eb52,H_PLUS_IA,,,fill_color_change,,,,
2026-01-19T14:38:19.946313,b1a2d50a-cb1c-46a7-b0d3-0b5e6c591171,H_PLUS_IA,,,stroke_color_change,,,,
2026-01-19T14:38:19.953580,b1a2d50a-cb1c-46a7-b0d3-0b5e6c591171,H_PLUS_IA,,,fill_color_change,,,,
2026-01-19T14:38:22.608445,b1a2d50a-cb1c-46a7-b0d3-0b5e6c591171,H_PLUS_IA,,,test_start,,,,3_tasks_fixed_order
2026-01-19T14:38:22.614245,b1a2d50a-cb1c-46a7-b0d3-0b5e6c591171,H_PLUS_IA,cat,1,trial_start,,,,task=cat
2026-01-19T14:38:29.339058,b1a2d50a-cb1c-46a7-b0d3-0b5e6c591171,H_PLUS_IA,cat,1,select_press,SELECT,None,,
2026-01-19T14:38:40.514126,b1a2d50a-cb1c-46a7-b0d3-0b5e6c591171,H_PLUS_IA,cat,1,tool_change,ELLIPSE,,,
2026-01-19T14:38:41.039925,b1a2d50a-cb1c-46a7-b0d3-0b5e6c591171,H_PLUS_IA,cat,1,ellipse_start,ELLIPSE,,,
2026-01-19T14:38:42.556345,b1a2d50a-cb1c-46a7-b0d3-0b5e6c591171,H_PLUS_IA,cat,1,ellipse_end,ELLIPSE,QGraphicsEllipseItem,,"x=300.0,y=234.0,w=146.0,h=135.0"
2026-01-19T14:38:44.198157,b1a2d50a-cb1c-46a7-b0d3-0b5e6c591171,H_PLUS_IA,cat,1,invoke_help,ASSISTANT,,,
2026-01-19T14:38:44.198684,b1a2d50a-cb1c-46a7-b0d3-0b5e6c591171,H_PLUS_IA,cat,1,ai_output,ASSISTANT,,,shown:manual:CAT_EARS
2026-01-19T14:38:47.111295,b1a2d50a-cb1c-46a7-b0d3-0b5e6c591171,H_PLUS_IA,cat,1,user_action,ASSISTANT,,,accept:manual:CAT_EARS:ms=2912
2026-01-19T14:38:53.246156,b1a2d50a-cb1c-46a7-b0d3-0b5e6c591171,H_PLUS_IA,cat,1,done_clicked,,,,
2026-01-19T14:38:53.246614,b1a2d50a-cb1c-46a7-b0d3-0b5e6c591171,H_PLUS_IA,cat,1,trial_end,,,,duration_s=30.632
2026-01-19T14:38:53.249512,b1a2d50a-cb1c-46a7-b0d3-0b5e6c591171,H_PLUS_IA,castle,2,trial_start,,,,task=castle
2026-01-19T14:38:59.493734,b1a2d50a-cb1c-46a7-b0d3-0b5e6c591171,H_PLUS_IA,castle,2,ellipse_start,ELLIPSE,,,
2026-01-19T14:39:00.157724,b1a2d50a-cb1c-46a7-b0d3-0b5e6c591171,H_PLUS_IA,castle,2,ellipse_end,ELLIPSE,QGraphicsEllipseItem,,"x=174.0,y=240.0,w=121.0,h=226.0"
2026-01-19T14:39:02.927657,b1a2d50a-cb1c-46a7-b0d3-0b5e6c591171,H_PLUS_IA,castle,2,tool_change,RECT,,,
2026-01-19T14:39:03.145329,b1a2d50a-cb1c-46a7-b0d3-0b5e6c591171,H_PLUS_IA,castle,2,rect_start,RECT,,,
2026-01-19T14:39:04.624994,b1a2d50a-cb1c-46a7-b0d3-0b5e6c591171,H_PLUS_IA,castle,2,rect_end,RECT,QGraphicsRectItem,,"x=145.0,y=236.0,w=146.0,h=284.0"
2026-01-19T14:39:06.315077,b1a2d50a-cb1c-46a7-b0d3-0b5e6c591171,H_PLUS_IA,castle,2,invoke_help,ASSISTANT,,,
2026-01-19T14:39:06.315549,b1a2d50a-cb1c-46a7-b0d3-0b5e6c591171,H_PLUS_IA,castle,2,ai_output,ASSISTANT,,,shown:manual:ROOF_TRIANGLE
2026-01-19T14:39:07.558231,b1a2d50a-cb1c-46a7-b0d3-0b5e6c591171,H_PLUS_IA,castle,2,user_action,ASSISTANT,,,accept:manual:ROOF_TRIANGLE:ms=1242
2026-01-19T14:39:08.483048,b1a2d50a-cb1c-46a7-b0d3-0b5e6c591171,H_PLUS_IA,castle,2,tool_change,SELECT,,,
2026-01-19T14:39:08.666407,b1a2d50a-cb1c-46a7-b0d3-0b5e6c591171,H_PLUS_IA,castle,2,select_press,SELECT,None,,
2026-01-19T14:39:09.024367,b1a2d50a-cb1c-46a7-b0d3-0b5e6c591171,H_PLUS_IA,castle,2,item_moved,SELECT,,,
2026-01-19T14:39:09.975443,b1a2d50a-cb1c-46a7-b0d3-0b5e6c591171,H_PLUS_IA,castle,2,select_press,SELECT,QGraphicsRectItem,,
2026-01-19T14:39:11.531750,b1a2d50a-cb1c-46a7-b0d3-0b5e6c591171,H_PLUS_IA,castle,2,item_moved,SELECT,,,
2026-01-19T14:39:11.765625,b1a2d50a-cb1c-46a7-b0d3-0b5e6c591171,H_PLUS_IA,castle,2,select_press,SELECT,None,,
2026-01-19T14:39:13.167067,b1a2d50a-cb1c-46a7-b0d3-0b5e6c591171,H_PLUS_IA,castle,2,tool_change,RECT,,,
2026-01-19T14:39:14.260020,b1a2d50a-cb1c-46a7-b0d3-0b5e6c591171,H_PLUS_IA,castle,2,rect_start,RECT,,,
2026-01-19T14:39:16.628089,b1a2d50a-cb1c-46a7-b0d3-0b5e6c591171,H_PLUS_IA,castle,2,rect_end,RECT,QGraphicsRectItem,,"x=292.0,y=239.0,w=224.0,h=283.0"
2026-01-19T14:39:23.282554,b1a2d50a-cb1c-46a7-b0d3-0b5e6c591171,H_PLUS_IA,castle,2,gen_add,GEN,,,Porte:porte_arrondie|prompt=
2026-01-19T14:39:24.968250,b1a2d50a-cb1c-46a7-b0d3-0b5e6c591171,H_PLUS_IA,castle,2,tool_change,SELECT,,,
2026-01-19T14:39:25.540146,b1a2d50a-cb1c-46a7-b0d3-0b5e6c591171,H_PLUS_IA,castle,2,select_press,SELECT,None,,
2026-01-19T14:39:25.862739,b1a2d50a-cb1c-46a7-b0d3-0b5e6c591171,H_PLUS_IA,castle,2,item_moved,SELECT,,,
2026-01-19T14:39:26.199923,b1a2d50a-cb1c-46a7-b0d3-0b5e6c591171,H_PLUS_IA,castle,2,select_press,SELECT,QGraphicsRectItem,,
2026-01-19T14:39:27.454210,b1a2d50a-cb1c-46a7-b0d3-0b5e6c591171,H_PLUS_IA,castle,2,item_moved,SELECT,,,
2026-01-19T14:39:27.789280,b1a2d50a-cb1c-46a7-b0d3-0b5e6c591171,H_PLUS_IA,castle,2,select_press,SELECT,None,,
2026-01-19T14:39:27.855536,b1a2d50a-cb1c-46a7-b0d3-0b5e6c591171,H_PLUS_IA,castle,2,item_moved,SELECT,,,
2026-01-19T14:39:34.368046,b1a2d50a-cb1c-46a7-b0d3-0b5e6c591171,H_PLUS_IA,castle,2,done_clicked,,,,
2026-01-19T14:39:34.368432,b1a2d50a-cb1c-46a7-b0d3-0b5e6c591171,H_PLUS_IA,castle,2,trial_end,,,,duration_s=41.119
2026-01-19T14:39:34.371199,b1a2d50a-cb1c-46a7-b0d3-0b5e6c591171,H_PLUS_IA,car,3,trial_start,,,,task=car
2026-01-19T14:39:39.630969,b1a2d50a-cb1c-46a7-b0d3-0b5e6c591171,H_PLUS_IA,car,3,gen_add,GEN,,,Carrosserie:carrosserie_rouge|prompt=
2026-01-19T14:39:40.197786,b1a2d50a-cb1c-46a7-b0d3-0b5e6c591171,H_PLUS_IA,car,3,select_press,SELECT,None,,
2026-01-19T14:39:40.678333,b1a2d50a-cb1c-46a7-b0d3-0b5e6c591171,H_PLUS_IA,car,3,item_moved,SELECT,,,
2026-01-19T14:39:40.960789,b1a2d50a-cb1c-46a7-b0d3-0b5e6c591171,H_PLUS_IA,car,3,select_press,SELECT,QGraphicsEllipseItem,,
2026-01-19T14:39:41.278892,b1a2d50a-cb1c-46a7-b0d3-0b5e6c591171,H_PLUS_IA,car,3,item_moved,SELECT,,,
2026-01-19T14:39:41.493032,b1a2d50a-cb1c-46a7-b0d3-0b5e6c591171,H_PLUS_IA,car,3,select_press,SELECT,None,,
2026-01-19T14:39:41.557530,b1a2d50a-cb1c-46a7-b0d3-0b5e6c591171,H_PLUS_IA,car,3,item_moved,SELECT,,,
2026-01-19T14:39:48.184619,b1a2d50a-cb1c-46a7-b0d3-0b5e6c591171,H_PLUS_IA,car,3,assistant_floating_toggle,,,,False
2026-01-19T14:39:48.564923,b1a2d50a-cb1c-46a7-b0d3-0b5e6c591171,H_PLUS_IA,car,3,assistant_floating_toggle,,,,True
2026-01-19T14:39:50.028699,b1a2d50a-cb1c-46a7-b0d3-0b5e6c591171,H_PLUS_IA,car,3,assistant_floating_toggle,,,,False
2026-01-19T14:39:50.450261,b1a2d50a-cb1c-46a7-b0d3-0b5e6c591171,H_PLUS_IA,car,3,assistant_floating_toggle,,,,True
2026-01-19T14:39:54.440351,b1a2d50a-cb1c-46a7-b0d3-0b5e6c591171,H_PLUS_IA,car,3,invoke_help,ASSISTANT,,,
2026-01-19T14:39:54.440959,b1a2d50a-cb1c-46a7-b0d3-0b5e6c591171,H_PLUS_IA,car,3,ai_output,ASSISTANT,,,shown:manual:CAT_EARS
2026-01-19T14:40:08.265989,b1a2d50a-cb1c-46a7-b0d3-0b5e6c591171,H_PLUS_IA,car,3,user_action,ASSISTANT,,,override:manual:CAT_EARS:ms=13825
2026-01-19T14:40:10.521372,b1a2d50a-cb1c-46a7-b0d3-0b5e6c591171,H_PLUS_IA,car,3,invoke_help,ASSISTANT,,,
2026-01-19T14:40:10.521831,b1a2d50a-cb1c-46a7-b0d3-0b5e6c591171,H_PLUS_IA,car,3,ai_output,ASSISTANT,,,shown:manual:CAT_EARS
2026-01-19T14:40:13.161509,b1a2d50a-cb1c-46a7-b0d3-0b5e6c591171,H_PLUS_IA,car,3,user_action,ASSISTANT,,,override:manual:CAT_EARS:ms=2639
2026-01-19T14:40:21.630586,b1a2d50a-cb1c-46a7-b0d3-0b5e6c591171,H_PLUS_IA,car,3,gen_add,GEN,,,Roue:jante_claire|prompt=
2026-01-19T14:40:22.444921,b1a2d50a-cb1c-46a7-b0d3-0b5e6c591171,H_PLUS_IA,car,3,select_press,SELECT,None,,
2026-01-19T14:40:22.783262,b1a2d50a-cb1c-46a7-b0d3-0b5e6c591171,H_PLUS_IA,car,3,item_moved,SELECT,,,
2026-01-19T14:40:23.072683,b1a2d50a-cb1c-46a7-b0d3-0b5e6c591171,H_PLUS_IA,car,3,select_press,SELECT,QGraphicsEllipseItem,,
2026-01-19T14:40:24.363674,b1a2d50a-cb1c-46a7-b0d3-0b5e6c591171,H_PLUS_IA,car,3,item_moved,SELECT,,,
2026-01-19T14:40:24.610038,b1a2d50a-cb1c-46a7-b0d3-0b5e6c591171,H_PLUS_IA,car,3,select_press,SELECT,None,,
2026-01-19T14:40:25.549190,b1a2d50a-cb1c-46a7-b0d3-0b5e6c591171,H_PLUS_IA,car,3,gen_add,GEN,,,Roue:jante_claire|prompt=
2026-01-19T14:40:26.113245,b1a2d50a-cb1c-46a7-b0d3-0b5e6c591171,H_PLUS_IA,car,3,select_press,SELECT,None,,
2026-01-19T14:40:26.438365,b1a2d50a-cb1c-46a7-b0d3-0b5e6c591171,H_PLUS_IA,car,3,item_moved,SELECT,,,
2026-01-19T14:40:27.300822,b1a2d50a-cb1c-46a7-b0d3-0b5e6c591171,H_PLUS_IA,car,3,select_press,SELECT,QGraphicsLineItem,,
2026-01-19T14:40:29.232782,b1a2d50a-cb1c-46a7-b0d3-0b5e6c591171,H_PLUS_IA,car,3,item_moved,SELECT,,,
2026-01-19T14:40:29.480265,b1a2d50a-cb1c-46a7-b0d3-0b5e6c591171,H_PLUS_IA,car,3,select_press,SELECT,None,,
2026-01-19T14:40:34.092812,b1a2d50a-cb1c-46a7-b0d3-0b5e6c591171,H_PLUS_IA,car,3,done_clicked,,,,
2026-01-19T14:40:34.093319,b1a2d50a-cb1c-46a7-b0d3-0b5e6c591171,H_PLUS_IA,car,3,trial_end,,,,duration_s=59.722
2026-01-19T14:40:34.095637,b1a2d50a-cb1c-46a7-b0d3-0b5e6c591171,H_PLUS_IA,car,3,test_end,,,,completed
2026-01-19T14:40:39.417633,b1a2d50a-cb1c-46a7-b0d3-0b5e6c591171,H_PLUS_IA,,,test_start,,,,3_tasks_fixed_order
2026-01-19T14:40:39.423990,b1a2d50a-cb1c-46a7-b0d3-0b5e6c591171,H_PLUS_IA,cat,1,trial_start,,,,task=cat
2026-01-19T14:49:36.743112,3bce21c8-ff1b-4246-a6cf-b62299945932,,,,stroke_color_change,,,,
2026-01-19T14:49:36.750478,3bce21c8-ff1b-4246-a6cf-b62299945932,,,,fill_color_change,,,,
2026-01-19T14:49:41.780824,3bce21c8-ff1b-4246-a6cf-b62299945932,H_PLUS_IA,,,test_start,,,,condition=H_PLUS_IA;3_tasks_fixed_order
2026-01-19T14:49:41.781456,3bce21c8-ff1b-4246-a6cf-b62299945932,H_PLUS_IA,,,assistant_floating_toggle,,,,True
2026-01-19T14:49:41.788686,3bce21c8-ff1b-4246-a6cf-b62299945932,H_PLUS_IA,cat,1,trial_start,,,,task=cat
2026-01-19T14:50:05.180305,3bce21c8-ff1b-4246-a6cf-b62299945932,H_PLUS_IA,cat,1,tool_change,ELLIPSE,,,
2026-01-19T14:50:06.264528,3bce21c8-ff1b-4246-a6cf-b62299945932,H_PLUS_IA,cat,1,assistant_auto_toggle,,,,True
2026-01-19T14:50:06.719210,3bce21c8-ff1b-4246-a6cf-b62299945932,H_PLUS_IA,cat,1,ellipse_start,ELLIPSE,,,
2026-01-19T14:50:07.802352,3bce21c8-ff1b-4246-a6cf-b62299945932,H_PLUS_IA,cat,1,ellipse_end,ELLIPSE,QGraphicsEllipseItem,,"x=310.0,y=190.0,w=152.0,h=139.0"
2026-01-19T14:50:07.803110,3bce21c8-ff1b-4246-a6cf-b62299945932,H_PLUS_IA,cat,1,ai_output,ASSISTANT,,,shown:auto:CAT_EARS
2026-01-19T14:50:09.315859,3bce21c8-ff1b-4246-a6cf-b62299945932,H_PLUS_IA,cat,1,user_action,ASSISTANT,,,accept:auto:CAT_EARS:ms=1512
2026-01-19T14:50:13.042719,3bce21c8-ff1b-4246-a6cf-b62299945932,H_PLUS_IA,cat,1,tool_change,ELLIPSE,,,
2026-01-19T14:50:13.720843,3bce21c8-ff1b-4246-a6cf-b62299945932,H_PLUS_IA,cat,1,ellipse_start,ELLIPSE,,,
2026-01-19T14:50:15.394597,3bce21c8-ff1b-4246-a6cf-b62299945932,H_PLUS_IA,cat,1,ellipse_end,ELLIPSE,QGraphicsEllipseItem,,"x=398.0,y=305.0,w=93.0,h=258.0"
2026-01-19T14:50:15.395415,3bce21c8-ff1b-4246-a6cf-b62299945932,H_PLUS_IA,cat,1,ai_output,ASSISTANT,,,none:auto
2026-01-19T14:50:16.967286,3bce21c8-ff1b-4246-a6cf-b62299945932,H_PLUS_IA,cat,1,tool_change,SELECT,,,
2026-01-19T14:50:17.332173,3bce21c8-ff1b-4246-a6cf-b62299945932,H_PLUS_IA,cat,1,select_press,SELECT,None,,
2026-01-19T14:50:17.516702,3bce21c8-ff1b-4246-a6cf-b62299945932,H_PLUS_IA,cat,1,item_moved,SELECT,,,
2026-01-19T14:50:17.881885,3bce21c8-ff1b-4246-a6cf-b62299945932,H_PLUS_IA,cat,1,select_press,SELECT,QGraphicsEllipseItem,,
2026-01-19T14:50:18.526265,3bce21c8-ff1b-4246-a6cf-b62299945932,H_PLUS_IA,cat,1,item_moved,SELECT,,,
2026-01-19T14:50:18.769173,3bce21c8-ff1b-4246-a6cf-b62299945932,H_PLUS_IA,cat,1,select_press,SELECT,None,,
2026-01-19T14:50:32.827319,3bce21c8-ff1b-4246-a6cf-b62299945932,H_PLUS_IA,cat,1,done_clicked,,,,
2026-01-19T14:50:32.827784,3bce21c8-ff1b-4246-a6cf-b62299945932,H_PLUS_IA,cat,1,trial_end,,,,duration_s=51.039
2026-01-19T14:50:32.831232,3bce21c8-ff1b-4246-a6cf-b62299945932,H_PLUS_IA,castle,2,trial_start,,,,task=castle
2026-01-19T14:50:35.874364,3bce21c8-ff1b-4246-a6cf-b62299945932,H_PLUS_IA,castle,2,tool_change,RECT,,,
2026-01-19T14:50:36.485156,3bce21c8-ff1b-4246-a6cf-b62299945932,H_PLUS_IA,castle,2,rect_start,RECT,,,
2026-01-19T14:50:37.307637,3bce21c8-ff1b-4246-a6cf-b62299945932,H_PLUS_IA,castle,2,rect_end,RECT,QGraphicsRectItem,,"x=140.0,y=259.0,w=146.0,h=280.0"
2026-01-19T14:50:37.308495,3bce21c8-ff1b-4246-a6cf-b62299945932,H_PLUS_IA,castle,2,ai_output,ASSISTANT,,,shown:auto:ROOF_TRIANGLE
2026-01-19T14:50:38.568115,3bce21c8-ff1b-4246-a6cf-b62299945932,H_PLUS_IA,castle,2,user_action,ASSISTANT,,,accept:auto:ROOF_TRIANGLE:ms=1259
2026-01-19T14:50:39.528304,3bce21c8-ff1b-4246-a6cf-b62299945932,H_PLUS_IA,castle,2,tool_change,SELECT,,,
2026-01-19T14:50:39.733342,3bce21c8-ff1b-4246-a6cf-b62299945932,H_PLUS_IA,castle,2,select_press,SELECT,None,,
2026-01-19T14:50:40.058800,3bce21c8-ff1b-4246-a6cf-b62299945932,H_PLUS_IA,castle,2,item_moved,SELECT,,,
2026-01-19T14:50:41.268985,3bce21c8-ff1b-4246-a6cf-b62299945932,H_PLUS_IA,castle,2,select_press,SELECT,QGraphicsRectItem,,
2026-01-19T14:50:42.455112,3bce21c8-ff1b-4246-a6cf-b62299945932,H_PLUS_IA,castle,2,item_moved,SELECT,,,
2026-01-19T14:50:43.096821,3bce21c8-ff1b-4246-a6cf-b62299945932,H_PLUS_IA,castle,2,select_press,SELECT,QGraphicsRectItem,,
2026-01-19T14:50:43.544950,3bce21c8-ff1b-4246-a6cf-b62299945932,H_PLUS_IA,castle,2,item_moved,SELECT,,,
2026-01-19T14:50:43.759911,3bce21c8-ff1b-4246-a6cf-b62299945932,H_PLUS_IA,castle,2,select_press,SELECT,None,,
2026-01-19T14:50:43.813036,3bce21c8-ff1b-4246-a6cf-b62299945932,H_PLUS_IA,castle,2,item_moved,SELECT,,,
2026-01-19T14:50:44.793957,3bce21c8-ff1b-4246-a6cf-b62299945932,H_PLUS_IA,castle,2,tool_change,RECT,,,
2026-01-19T14:50:46.046856,3bce21c8-ff1b-4246-a6cf-b62299945932,H_PLUS_IA,castle,2,rect_start,RECT,,,
2026-01-19T14:50:48.166815,3bce21c8-ff1b-4246-a6cf-b62299945932,H_PLUS_IA,castle,2,rect_end,RECT,QGraphicsRectItem,,"x=285.0,y=262.0,w=248.0,h=285.0"
2026-01-19T14:50:48.167682,3bce21c8-ff1b-4246-a6cf-b62299945932,H_PLUS_IA,castle,2,ai_output,ASSISTANT,,,none:auto
2026-01-19T14:50:53.423650,3bce21c8-ff1b-4246-a6cf-b62299945932,H_PLUS_IA,castle,2,gen_add,GEN,,,Porte:porte_arrondie|prompt=
2026-01-19T14:50:55.252339,3bce21c8-ff1b-4246-a6cf-b62299945932,H_PLUS_IA,castle,2,tool_change,SELECT,,,
2026-01-19T14:50:55.625195,3bce21c8-ff1b-4246-a6cf-b62299945932,H_PLUS_IA,castle,2,select_press,SELECT,None,,
2026-01-19T14:50:56.011242,3bce21c8-ff1b-4246-a6cf-b62299945932,H_PLUS_IA,castle,2,item_moved,SELECT,,,
2026-01-19T14:50:56.364698,3bce21c8-ff1b-4246-a6cf-b62299945932,H_PLUS_IA,castle,2,select_press,SELECT,QGraphicsRectItem,,
2026-01-19T14:50:57.866235,3bce21c8-ff1b-4246-a6cf-b62299945932,H_PLUS_IA,castle,2,item_moved,SELECT,,,
2026-01-19T14:50:58.154934,3bce21c8-ff1b-4246-a6cf-b62299945932,H_PLUS_IA,castle,2,select_press,SELECT,None,,
2026-01-19T14:50:59.770692,3bce21c8-ff1b-4246-a6cf-b62299945932,H_PLUS_IA,castle,2,done_clicked,,,,
2026-01-19T14:50:59.771176,3bce21c8-ff1b-4246-a6cf-b62299945932,H_PLUS_IA,castle,2,trial_end,,,,duration_s=26.939
2026-01-19T14:50:59.773862,3bce21c8-ff1b-4246-a6cf-b62299945932,H_PLUS_IA,car,3,trial_start,,,,task=car
2026-01-19T14:51:03.457860,3bce21c8-ff1b-4246-a6cf-b62299945932,H_PLUS_IA,car,3,gen_add,GEN,,,Carrosserie:carrosserie_rouge|prompt=
2026-01-19T14:51:04.409827,3bce21c8-ff1b-4246-a6cf-b62299945932,H_PLUS_IA,car,3,tool_change,SELECT,,,
2026-01-19T14:51:04.714808,3bce21c8-ff1b-4246-a6cf-b62299945932,H_PLUS_IA,car,3,select_press,SELECT,None,,
2026-01-19T14:51:05.050334,3bce21c8-ff1b-4246-a6cf-b62299945932,H_PLUS_IA,car,3,item_moved,SELECT,,,
2026-01-19T14:51:05.300039,3bce21c8-ff1b-4246-a6cf-b62299945932,H_PLUS_IA,car,3,select_press,SELECT,QGraphicsEllipseItem,,
2026-01-19T14:51:06.091268,3bce21c8-ff1b-4246-a6cf-b62299945932,H_PLUS_IA,car,3,item_moved,SELECT,,,
2026-01-19T14:51:06.335724,3bce21c8-ff1b-4246-a6cf-b62299945932,H_PLUS_IA,car,3,select_press,SELECT,None,,
2026-01-19T14:51:06.401229,3bce21c8-ff1b-4246-a6cf-b62299945932,H_PLUS_IA,car,3,item_moved,SELECT,,,
2026-01-19T14:51:08.702944,3bce21c8-ff1b-4246-a6cf-b62299945932,H_PLUS_IA,car,3,gen_add,GEN,,,Roue:jante_claire|prompt=
2026-01-19T14:51:09.297293,3bce21c8-ff1b-4246-a6cf-b62299945932,H_PLUS_IA,car,3,select_press,SELECT,None,,
2026-01-19T14:51:09.785925,3bce21c8-ff1b-4246-a6cf-b62299945932,H_PLUS_IA,car,3,item_moved,SELECT,,,
2026-01-19T14:51:10.171205,3bce21c8-ff1b-4246-a6cf-b62299945932,H_PLUS_IA,car,3,select_press,SELECT,QGraphicsEllipseItem,,
2026-01-19T14:51:11.291651,3bce21c8-ff1b-4246-a6cf-b62299945932,H_PLUS_IA,car,3,item_moved,SELECT,,,
2026-01-19T14:51:11.669064,3bce21c8-ff1b-4246-a6cf-b62299945932,H_PLUS_IA,car,3,select_press,SELECT,None,,
2026-01-19T14:51:13.212617,3bce21c8-ff1b-4246-a6cf-b62299945932,H_PLUS_IA,car,3,gen_add,GEN,,,Roue:jante_claire|prompt=
2026-01-19T14:51:13.883874,3bce21c8-ff1b-4246-a6cf-b62299945932,H_PLUS_IA,car,3,select_press,SELECT,None,,
2026-01-19T14:51:14.198784,3bce21c8-ff1b-4246-a6cf-b62299945932,H_PLUS_IA,car,3,item_moved,SELECT,,,
2026-01-19T14:51:14.487102,3bce21c8-ff1b-4246-a6cf-b62299945932,H_PLUS_IA,car,3,select_press,SELECT,QGraphicsEllipseItem,,
2026-01-19T14:51:15.632353,3bce21c8-ff1b-4246-a6cf-b62299945932,H_PLUS_IA,car,3,item_moved,SELECT,,,
2026-01-19T14:51:15.871440,3bce21c8-ff1b-4246-a6cf-b62299945932,H_PLUS_IA,car,3,select_press,SELECT,None,,
2026-01-19T14:51:18.937640,3bce21c8-ff1b-4246-a6cf-b62299945932,H_PLUS_IA,car,3,done_clicked,,,,
2026-01-19T14:51:18.937933,3bce21c8-ff1b-4246-a6cf-b62299945932,H_PLUS_IA,car,3,trial_end,,,,duration_s=19.164
2026-01-19T14:51:18.939456,3bce21c8-ff1b-4246-a6cf-b62299945932,H_PLUS_IA,car,3,test_end,,,,completed
2026-01-19T14:51:31.023870,3bce21c8-ff1b-4246-a6cf-b62299945932,H_ONLY,,,test_start,,,,condition=H_ONLY;3_tasks_fixed_order
2026-01-19T14:51:31.024330,3bce21c8-ff1b-4246-a6cf-b62299945932,H_ONLY,,,assistant_auto_toggle,,,,False
2026-01-19T14:51:31.024734,3bce21c8-ff1b-4246-a6cf-b62299945932,H_ONLY,,,assistant_floating_toggle,,,,False
2026-01-19T14:51:31.035385,3bce21c8-ff1b-4246-a6cf-b62299945932,H_ONLY,cat,1,trial_start,,,,task=cat
2026-01-19T14:51:43.472027,3bce21c8-ff1b-4246-a6cf-b62299945932,H_ONLY,cat,1,assistant_auto_toggle,,,,False
2026-01-19T14:51:45.093934,3bce21c8-ff1b-4246-a6cf-b62299945932,H_ONLY,cat,1,tool_change,ELLIPSE,,,
2026-01-19T14:51:45.856859,3bce21c8-ff1b-4246-a6cf-b62299945932,H_ONLY,cat,1,assistant_auto_toggle,,,,True
2026-01-19T14:51:46.918852,3bce21c8-ff1b-4246-a6cf-b62299945932,H_ONLY,cat,1,ellipse_start,ELLIPSE,,,
2026-01-19T14:51:47.285377,3bce21c8-ff1b-4246-a6cf-b62299945932,H_ONLY,cat,1,ellipse_end,ELLIPSE,QGraphicsEllipseItem,,"x=265.0,y=179.0,w=183.0,h=182.0"
2026-01-19T14:51:47.285762,3bce21c8-ff1b-4246-a6cf-b62299945932,H_ONLY,cat,1,ai_output,ASSISTANT,,,shown:auto:CAT_EARS
2026-01-19T14:52:01.890618,3bce21c8-ff1b-4246-a6cf-b62299945932,H_ONLY,cat,1,user_action,ASSISTANT,,,accept:auto:CAT_EARS:ms=14604
2026-01-19T14:52:04.376712,3bce21c8-ff1b-4246-a6cf-b62299945932,H_ONLY,cat,1,done_clicked,,,,
2026-01-19T14:52:04.376890,3bce21c8-ff1b-4246-a6cf-b62299945932,H_ONLY,cat,1,trial_end,,,,duration_s=33.341
2026-01-19T14:52:04.377770,3bce21c8-ff1b-4246-a6cf-b62299945932,H_ONLY,castle,2,trial_start,,,,task=castle
2026-01-19T14:52:07.540761,3bce21c8-ff1b-4246-a6cf-b62299945932,H_ONLY,castle,2,tool_change,RECT,,,
2026-01-19T14:52:08.294022,3bce21c8-ff1b-4246-a6cf-b62299945932,H_ONLY,castle,2,rect_start,RECT,,,
2026-01-19T14:52:08.995139,3bce21c8-ff1b-4246-a6cf-b62299945932,H_ONLY,castle,2,rect_end,RECT,QGraphicsRectItem,,"x=91.0,y=234.0,w=175.0,h=353.0"
2026-01-19T14:52:08.995964,3bce21c8-ff1b-4246-a6cf-b62299945932,H_ONLY,castle,2,ai_output,ASSISTANT,,,shown:auto:ROOF_TRIANGLE
2026-01-19T14:52:09.968252,3bce21c8-ff1b-4246-a6cf-b62299945932,H_ONLY,castle,2,user_action,ASSISTANT,,,accept:auto:ROOF_TRIANGLE:ms=972
2026-01-19T14:52:10.911032,3bce21c8-ff1b-4246-a6cf-b62299945932,H_ONLY,castle,2,tool_change,SELECT,,,
2026-01-19T14:52:11.095623,3bce21c8-ff1b-4246-a6cf-b62299945932,H_ONLY,castle,2,select_press,SELECT,None,,
2026-01-19T14:52:11.265158,3bce21c8-ff1b-4246-a6cf-b62299945932,H_ONLY,castle,2,item_moved,SELECT,,,
2026-01-19T14:52:11.530316,3bce21c8-ff1b-4246-a6cf-b62299945932,H_ONLY,castle,2,select_press,SELECT,QGraphicsRectItem,,
2026-01-19T14:52:12.088062,3bce21c8-ff1b-4246-a6cf-b62299945932,H_ONLY,castle,2,item_moved,SELECT,,,
2026-01-19T14:52:13.487329,3bce21c8-ff1b-4246-a6cf-b62299945932,H_ONLY,castle,2,done_clicked,,,,
2026-01-19T14:52:13.487703,3bce21c8-ff1b-4246-a6cf-b62299945932,H_ONLY,castle,2,trial_end,,,,duration_s=9.110
2026-01-19T14:52:13.490565,3bce21c8-ff1b-4246-a6cf-b62299945932,H_ONLY,car,3,trial_start,,,,task=car
2026-01-19T14:52:20.282438,3bce21c8-ff1b-4246-a6cf-b62299945932,H_ONLY,car,3,gen_add,GEN,,,Carrosserie:carrosserie_bleue|prompt=
2026-01-19T14:52:24.685192,3bce21c8-ff1b-4246-a6cf-b62299945932,H_ONLY,car,3,done_clicked,,,,
2026-01-19T14:52:24.685487,3bce21c8-ff1b-4246-a6cf-b62299945932,H_ONLY,car,3,trial_end,,,,duration_s=11.195
2026-01-19T14:52:24.687166,3bce21c8-ff1b-4246-a6cf-b62299945932,H_ONLY,car,3,test_end,,,,completed
2026-01-19T14:56:37.834168,b05720d8-1888-49da-b48d-757f28cb19b1,,,,stroke_color_change,,,,
2026-01-19T14:56:37.836069,b05720d8-1888-49da-b48d-757f28cb19b1,,,,fill_color_change,,,,
2026-01-19T14:56:41.923954,b05720d8-1888-49da-b48d-757f28cb19b1,H_ONLY,,,test_start,,,,condition=H_ONLY;3_tasks_fixed_order
2026-01-19T14:56:41.924623,b05720d8-1888-49da-b48d-757f28cb19b1,H_ONLY,,,assistant_auto_toggle,,,,False
2026-01-19T14:56:41.933449,b05720d8-1888-49da-b48d-757f28cb19b1,H_ONLY,,,assistant_floating_toggle,,,,False
2026-01-19T14:56:41.946646,b05720d8-1888-49da-b48d-757f28cb19b1,H_ONLY,cat,1,trial_start,,,,task=cat
2026-01-19T14:56:57.124888,b05720d8-1888-49da-b48d-757f28cb19b1,H_ONLY,cat,1,assistant_auto_toggle,,,,True
2026-01-19T14:56:59.219135,b05720d8-1888-49da-b48d-757f28cb19b1,H_ONLY,cat,1,tool_change,ELLIPSE,,,
2026-01-19T14:56:59.425798,b05720d8-1888-49da-b48d-757f28cb19b1,H_ONLY,cat,1,ellipse_start,ELLIPSE,,,
2026-01-19T14:56:59.943292,b05720d8-1888-49da-b48d-757f28cb19b1,H_ONLY,cat,1,ellipse_end,ELLIPSE,QGraphicsEllipseItem,,"x=225.0,y=131.0,w=170.0,h=150.0"
2026-01-19T14:56:59.943849,b05720d8-1888-49da-b48d-757f28cb19b1,H_ONLY,cat,1,ai_output,ASSISTANT,,,shown:auto:CAT_EARS
2026-01-19T14:57:01.092952,b05720d8-1888-49da-b48d-757f28cb19b1,H_ONLY,cat,1,user_action,ASSISTANT,,,accept:auto:CAT_EARS:ms=1149
2026-01-19T14:57:04.734385,b05720d8-1888-49da-b48d-757f28cb19b1,H_ONLY,cat,1,done_clicked,,,,
2026-01-19T14:57:04.735074,b05720d8-1888-49da-b48d-757f28cb19b1,H_ONLY,cat,1,trial_end,,,,duration_s=22.788
2026-01-19T14:57:04.737976,b05720d8-1888-49da-b48d-757f28cb19b1,H_ONLY,castle,2,trial_start,,,,task=castle
2026-01-19T14:57:06.485682,b05720d8-1888-49da-b48d-757f28cb19b1,H_ONLY,castle,2,tool_change,RECT,,,
2026-01-19T14:57:06.678087,b05720d8-1888-49da-b48d-757f28cb19b1,H_ONLY,castle,2,rect_start,RECT,,,
2026-01-19T14:57:07.090414,b05720d8-1888-49da-b48d-757f28cb19b1,H_ONLY,castle,2,rect_end,RECT,QGraphicsRectItem,,"x=28.0,y=204.0,w=170.0,h=248.0"
2026-01-19T14:57:07.091020,b05720d8-1888-49da-b48d-757f28cb19b1,H_ONLY,castle,2,ai_output,ASSISTANT,,,shown:auto:ROOF_TRIANGLE
2026-01-19T14:57:08.331121,b05720d8-1888-49da-b48d-757f28cb19b1,H_ONLY,castle,2,user_action,ASSISTANT,,,accept:auto:ROOF_TRIANGLE:ms=1240
2026-01-19T14:57:09.970110,b05720d8-1888-49da-b48d-757f28cb19b1,H_ONLY,castle,2,done_clicked,,,,
2026-01-19T14:57:09.970356,b05720d8-1888-49da-b48d-757f28cb19b1,H_ONLY,castle,2,trial_end,,,,duration_s=5.232
2026-01-19T14:57:09.972088,b05720d8-1888-49da-b48d-757f28cb19b1,H_ONLY,car,3,trial_start,,,,task=car
2026-01-19T14:57:14.913715,b05720d8-1888-49da-b48d-757f28cb19b1,H_ONLY,car,3,gen_add,GEN,,,Carrosserie:carrosserie_verte|prompt=
2026-01-19T14:57:16.374920,b05720d8-1888-49da-b48d-757f28cb19b1,H_ONLY,car,3,done_clicked,,,,
2026-01-19T14:57:16.375307,b05720d8-1888-49da-b48d-757f28cb19b1,H_ONLY,car,3,trial_end,,,,duration_s=6.403
2026-01-19T14:57:16.377730,b05720d8-1888-49da-b48d-757f28cb19b1,H_ONLY,car,3,test_end,,,,completed
2026-01-19T15:33:34.344419,af9e722f-947a-4f55-923a-444c3390dd35,,,,stroke_color_change,,,,
2026-01-19T15:33:34.353074,af9e722f-947a-4f55-923a-444c3390dd35,,,,fill_color_change,,,,
2026-01-19T15:38:39.462419,66664b3f-4382-4102-abb8-9d9455d8de13,,,,stroke_color_change,,,,
2026-01-19T15:38:39.467342,66664b3f-4382-4102-abb8-9d9455d8de13,,,,fill_color_change,,,,
2026-01-19T15:38:43.997523,66664b3f-4382-4102-abb8-9d9455d8de13,H_ONLY,,,test_start,,,,condition=H_ONLY;3_tasks_fixed_order
2026-01-19T15:38:43.998320,66664b3f-4382-4102-abb8-9d9455d8de13,H_ONLY,,,assistant_auto_toggle,,,,False
2026-01-19T15:38:43.998846,66664b3f-4382-4102-abb8-9d9455d8de13,H_ONLY,,,assistant_floating_toggle,,,,False
2026-01-19T15:38:43.999403,66664b3f-4382-4102-abb8-9d9455d8de13,H_ONLY,,,assistant_auto_toggle,,,,False
2026-01-19T15:38:43.999770,66664b3f-4382-4102-abb8-9d9455d8de13,H_ONLY,,,assistant_floating_toggle,,,,False
2026-01-19T15:38:44.003727,66664b3f-4382-4102-abb8-9d9455d8de13,H_ONLY,cat,1,trial_start,,,,task=cat
2026-01-19T15:38:49.910655,66664b3f-4382-4102-abb8-9d9455d8de13,H_ONLY,cat,1,tool_change,ELLIPSE,,,
2026-01-19T15:38:50.341328,66664b3f-4382-4102-abb8-9d9455d8de13,H_ONLY,cat,1,ellipse_start,ELLIPSE,,,
2026-01-19T15:38:51.131134,66664b3f-4382-4102-abb8-9d9455d8de13,H_ONLY,cat,1,ellipse_end,ELLIPSE,QGraphicsEllipseItem,,"x=223.0,y=115.0,w=159.0,h=149.0"
2026-01-19T15:39:02.075957,66664b3f-4382-4102-abb8-9d9455d8de13,H_ONLY,cat,1,tool_change,LINE,,,
2026-01-19T15:39:03.158139,66664b3f-4382-4102-abb8-9d9455d8de13,H_ONLY,cat,1,line_start,LINE,,,
2026-01-19T15:39:03.616475,66664b3f-4382-4102-abb8-9d9455d8de13,H_ONLY,cat,1,line_end,LINE,QGraphicsLineItem,,"(238.0,125.0)->(274.0,104.0)"
2026-01-19T15:39:04.284091,66664b3f-4382-4102-abb8-9d9455d8de13,H_ONLY,cat,1,line_start,LINE,,,
2026-01-19T15:39:04.943059,66664b3f-4382-4102-abb8-9d9455d8de13,H_ONLY,cat,1,line_end,LINE,QGraphicsLineItem,,"(237.0,120.0)->(237.0,55.0)"
2026-01-19T15:39:05.548803,66664b3f-4382-4102-abb8-9d9455d8de13,H_ONLY,cat,1,line_start,LINE,,,
2026-01-19T15:39:06.474909,66664b3f-4382-4102-abb8-9d9455d8de13,H_ONLY,cat,1,line_end,LINE,QGraphicsLineItem,,"(237.0,54.0)->(273.0,104.0)"
2026-01-19T15:39:07.352357,66664b3f-4382-4102-abb8-9d9455d8de13,H_ONLY,cat,1,line_start,LINE,,,
2026-01-19T15:39:07.989886,66664b3f-4382-4102-abb8-9d9455d8de13,H_ONLY,cat,1,line_end,LINE,QGraphicsLineItem,,"(342.0,107.0)->(370.0,133.0)"
2026-01-19T15:39:08.409568,66664b3f-4382-4102-abb8-9d9455d8de13,H_ONLY,cat,1,line_start,LINE,,,
2026-01-19T15:39:09.076909,66664b3f-4382-4102-abb8-9d9455d8de13,H_ONLY,cat,1,line_end,LINE,QGraphicsLineItem,,"(345.0,108.0)->(364.0,49.0)"
2026-01-19T15:39:09.448470,66664b3f-4382-4102-abb8-9d9455d8de13,H_ONLY,cat,1,line_start,LINE,,,
2026-01-19T15:39:10.603574,66664b3f-4382-4102-abb8-9d9455d8de13,H_ONLY,cat,1,line_end,LINE,QGraphicsLineItem,,"(366.0,46.0)->(370.0,127.0)"
2026-01-19T15:39:12.221736,66664b3f-4382-4102-abb8-9d9455d8de13,H_ONLY,cat,1,done_clicked,,,,
2026-01-19T15:39:12.221987,66664b3f-4382-4102-abb8-9d9455d8de13,H_ONLY,cat,1,trial_end,,,,duration_s=28.218
2026-01-19T15:39:12.223432,66664b3f-4382-4102-abb8-9d9455d8de13,H_ONLY,castle,2,trial_start,,,,task=castle
2026-01-19T15:39:15.044467,66664b3f-4382-4102-abb8-9d9455d8de13,H_ONLY,castle,2,tool_change,RECT,,,
2026-01-19T15:39:15.247842,66664b3f-4382-4102-abb8-9d9455d8de13,H_ONLY,castle,2,rect_start,RECT,,,
2026-01-19T15:39:16.908935,66664b3f-4382-4102-abb8-9d9455d8de13,H_ONLY,castle,2,rect_end,RECT,QGraphicsRectItem,,"x=26.0,y=268.0,w=186.0,h=365.0"
2026-01-19T15:39:23.488075,66664b3f-4382-4102-abb8-9d9455d8de13,H_ONLY,castle,2,stroke_color_change,,,,
2026-01-19T15:39:24.612799,66664b3f-4382-4102-abb8-9d9455d8de13,H_ONLY,castle,2,rect_start,RECT,,,
2026-01-19T15:39:25.552915,66664b3f-4382-4102-abb8-9d9455d8de13,H_ONLY,castle,2,rect_end,RECT,QGraphicsRectItem,,"x=27.0,y=156.0,w=103.0,h=115.0"
2026-01-19T15:39:29.524501,66664b3f-4382-4102-abb8-9d9455d8de13,H_ONLY,castle,2,stroke_color_change,,,,
2026-01-19T15:39:30.636825,66664b3f-4382-4102-abb8-9d9455d8de13,H_ONLY,castle,2,fill_color_change,,,,
2026-01-19T15:39:32.280828,66664b3f-4382-4102-abb8-9d9455d8de13,H_ONLY,castle,2,tool_change,LINE,,,
2026-01-19T15:39:33.779040,66664b3f-4382-4102-abb8-9d9455d8de13,H_ONLY,castle,2,line_start,LINE,,,
2026-01-19T15:39:36.726713,66664b3f-4382-4102-abb8-9d9455d8de13,H_ONLY,castle,2,line_end,LINE,QGraphicsLineItem,,"(27.0,271.0)->(125.0,126.0)"
2026-01-19T15:39:37.978021,66664b3f-4382-4102-abb8-9d9455d8de13,H_ONLY,castle,2,line_start,LINE,,,
2026-01-19T15:39:39.488812,66664b3f-4382-4102-abb8-9d9455d8de13,H_ONLY,castle,2,line_end,LINE,QGraphicsLineItem,,"(126.0,126.0)->(210.0,265.0)"
2026-01-19T15:39:42.532214,66664b3f-4382-4102-abb8-9d9455d8de13,H_ONLY,castle,2,done_clicked,,,,
2026-01-19T15:39:42.532377,66664b3f-4382-4102-abb8-9d9455d8de13,H_ONLY,castle,2,trial_end,,,,duration_s=30.309
2026-01-19T15:39:42.533145,66664b3f-4382-4102-abb8-9d9455d8de13,H_ONLY,car,3,trial_start,,,,task=car
2026-01-19T15:39:45.231152,66664b3f-4382-4102-abb8-9d9455d8de13,H_ONLY,car,3,tool_change,RECT,,,
2026-01-19T15:39:46.633063,66664b3f-4382-4102-abb8-9d9455d8de13,H_ONLY,car,3,fill_color_change,,,,
2026-01-19T15:39:46.931553,66664b3f-4382-4102-abb8-9d9455d8de13,H_ONLY,car,3,rect_start,RECT,,,
2026-01-19T15:39:47.485740,66664b3f-4382-4102-abb8-9d9455d8de13,H_ONLY,car,3,rect_end,RECT,QGraphicsRectItem,,"x=230.0,y=281.0,w=291.0,h=159.0"
2026-01-19T15:39:47.936964,66664b3f-4382-4102-abb8-9d9455d8de13,H_ONLY,car,3,rect_start,RECT,,,
2026-01-19T15:39:49.757824,66664b3f-4382-4102-abb8-9d9455d8de13,H_ONLY,car,3,rect_end,RECT,QGraphicsRectItem,,"x=123.0,y=348.0,w=128.0,h=92.0"
2026-01-19T15:39:50.795610,66664b3f-4382-4102-abb8-9d9455d8de13,H_ONLY,car,3,tool_change,ELLIPSE,,,
2026-01-19T15:39:54.738526,66664b3f-4382-4102-abb8-9d9455d8de13,H_ONLY,car,3,stroke_color_change,,,,
2026-01-19T15:39:57.408725,66664b3f-4382-4102-abb8-9d9455d8de13,H_ONLY,car,3,fill_color_change,,,,
2026-01-19T15:39:58.289356,66664b3f-4382-4102-abb8-9d9455d8de13,H_ONLY,car,3,ellipse_start,ELLIPSE,,,
2026-01-19T15:39:59.368613,66664b3f-4382-4102-abb8-9d9455d8de13,H_ONLY,car,3,ellipse_end,ELLIPSE,QGraphicsEllipseItem,,"x=225.0,y=419.0,w=55.0,h=44.0"
2026-01-19T15:40:00.042915,66664b3f-4382-4102-abb8-9d9455d8de13,H_ONLY,car,3,ellipse_start,ELLIPSE,,,
2026-01-19T15:40:00.809729,66664b3f-4382-4102-abb8-9d9455d8de13,H_ONLY,car,3,ellipse_end,ELLIPSE,QGraphicsEllipseItem,,"x=420.0,y=416.0,w=57.0,h=47.0"
2026-01-19T15:40:01.135802,66664b3f-4382-4102-abb8-9d9455d8de13,H_ONLY,car,3,ellipse_start,ELLIPSE,,,
2026-01-19T15:40:01.191096,66664b3f-4382-4102-abb8-9d9455d8de13,H_ONLY,car,3,ellipse_end,ELLIPSE,QGraphicsEllipseItem,,"x=640.0,y=444.0,w=0.0,h=0.0"
2026-01-19T15:40:03.123625,66664b3f-4382-4102-abb8-9d9455d8de13,H_ONLY,car,3,done_clicked,,,,
2026-01-19T15:40:03.123893,66664b3f-4382-4102-abb8-9d9455d8de13,H_ONLY,car,3,trial_end,,,,duration_s=20.590
2026-01-19T15:40:03.125614,66664b3f-4382-4102-abb8-9d9455d8de13,H_ONLY,car,3,test_end,,,,completed
2026-01-19T15:40:08.959966,66664b3f-4382-4102-abb8-9d9455d8de13,H_ONLY,,,assistant_floating_toggle,,,,True
2026-01-19T15:40:09.456162,66664b3f-4382-4102-abb8-9d9455d8de13,H_ONLY,,,assistant_floating_toggle,,,,False
